,price_avg
5325,651.2950000000001
6351,1224.99
1423,2114.27
7068,3193.0350000000003
2807,1533.66
899,2267.7799999999997
7622,794.95
7988,1399.95
1955,3139.8199999999997
5172,962.99
7944,819.95
4875,351.995
196,1427.455
6911,685.88
3647,4662.66
417,1259.0549999999998
1805,1304.87
7279,894.95
5809,884.95
434,999.0
6952,2856.63
8057,974.95
5182,1158.8200000000002
7352,2079.95
2127,646.125
2621,552.81
1121,732.06
5685,499.0
7886,2507.76
2250,842.33
2413,402.865
5362,1139.12
1689,695.5250000000001
1208,4361.825
2568,1261.105
5140,2227.2349999999997
608,1237.615
6185,1299.0
890,723.74
1232,1412.955
2633,754.755
3076,786.64
6679,524.0
3994,1218.59
5180,1867.99
1951,3433.64
5406,959.9
2546,650.0
3073,1199.99
2299,1062.48
1171,1077.3400000000001
4855,453.565
6886,1784.95
6347,1111.0
4430,1860.5
7170,989.95
3351,2299.0
4439,459.0
1801,3943.6099999999997
7141,1249.95
4056,465.78499999999997
6874,2499.9
2412,1399.0
2679,999.45
914,2646.52
1463,1196.92
7570,649.95
4476,3949.495
5529,1063.0700000000002
6675,2573.7
3925,1301.64
4185,1141.61
1584,433.435
3798,1909.36
7598,1879.95
4268,650.9
2361,2004.29
6893,746.01
3500,617.5
3693,2390.0
3113,4696.99
3902,541.35
4824,258.315
4770,425.06
3105,941.99
4359,560.145
6427,1469.9
4673,245.125
254,1235.075
4483,1369.0
4122,1972.08
6594,1770.99
221,3087.79
267,1516.455
107,1410.965
7152,1649.95
1239,2172.82
4965,1269.055
7126,4259.69
5625,2745.83
1531,700.745
3495,2707.56
5075,1884.9650000000001
303,404.20000000000005
7364,522.95
4124,359.9
4071,211.495
5795,919.9
4870,231.97500000000002
1223,1843.8200000000002
5062,1049.995
1969,2110.355
6274,955.54
1451,966.75
1948,439.0
7933,799.95
3005,1519.1599999999999
377,745.0699999999999
2956,649.0
2086,1560.01
4500,876.9449999999999
762,529.165
291,925.855
3280,1281.19
1562,2280.26
3982,1111.41
188,246.255
2297,613.0
1214,1022.835
7134,1549.95
7039,1392.9
1555,973.12
6984,1137.88
4654,272.465
503,2007.475
7577,1074.95
6403,3299.9
2632,537.88
1558,669.575
3990,1196.02
7056,749.0
4766,448.99
7472,3557.0
676,799.99
5298,857.95
6624,2089.99
7047,204.99
5635,229.0
6991,2099.95
6302,6084.98
6703,554.96
2775,2460.0
6337,604.46
1205,1684.63
2462,341.0
4482,1811.9
7274,2850.69
1532,943.67
216,795.89
4661,1819.0
5481,3314.99
423,2097.63
507,936.14
5373,694.11
7994,1774.95
6521,3152.99
6050,299.0
1601,1489.57
508,2396.45
2147,1149.0
6298,665.65
1917,1588.5
5825,784.95
2047,2316.4
5229,979.99
1898,1318.495
2779,4032.5
3802,993.1
3516,981.25
7509,799.95
5187,827.99
2561,511.86
348,1809.81
7131,989.95
6781,819.0
333,2745.64
4884,4053.455
5779,1599.95
2349,399.0
7931,1749.95
2919,999.0
7067,384.99
6232,1585.72
7558,671.95
6640,1202.56
3816,2126.98
753,752.74
1582,559.995
6901,869.85
7671,1213.24
5330,1196.38
5356,766.03
4474,413.4
2116,1049.74
4273,322.605
2304,3679.96
2975,1777.38
4530,926.0350000000001
3174,390.91499999999996
4614,674.0550000000001
6268,1008.3
259,976.575
5109,710.635
6810,2455.21
4878,964.995
6853,180.27
381,2545.31
3926,1689.31
4618,2062.435
2512,2939.67
603,647.135
45,1355.2350000000001
4192,916.55
1671,2053.255
1605,1007.165
5174,837.095
5381,3614.99
5629,942.99
2348,2246.99
5750,4429.81
4438,5075.415
7717,2106.9
2202,1192.69
1891,2534.005
7084,2692.9399999999996
6898,1149.95
3125,1537.79
1619,762.165
6599,2469.9
7017,1384.95
5904,851.2
3880,531.51
7963,949.95
5899,326.42
1311,896.96
428,3153.3199999999997
3070,787.7
813,1626.1999999999998
7239,373.44
411,3775.195
6759,3111.99
669,1860.565
4825,407.925
440,1397.395
2816,409.99
3192,1229.54
436,1708.99
2697,3399.0
758,1848.125
1887,3298.725
6737,663.51
5070,3589.9
2531,663.79
7686,2499.95
6709,2299.0
8026,1224.95
1062,845.975
630,4088.6499999999996
1794,1294.915
6012,2573.51
7661,749.0
1236,1137.425
210,1082.27
2864,2099.0
6888,872.9
110,1102.8999999999999
51,2017.81
1518,790.1700000000001
1122,1349.0
1483,885.8
4999,4652.875
656,1267.145
3525,1032.72
5724,1054.95
5652,2099.9
4831,459.875
2171,1814.44
6867,714.65
1815,1695.0
1721,962.705
5660,694.26
5252,259.71500000000003
5820,357.675
6488,1421.99
6980,2755.09
3521,523.47
1517,1033.51
2925,362.88
6343,2599.9
4346,2110.27
6276,586.77
7379,1749.95
7153,1209.95
2866,397.13
6023,1234.34
3985,1107.4
3799,3970.38
2495,1348.955
712,2344.72
1901,629.15
2502,914.23
6489,1909.9
4724,787.32
57,1032.1
3168,574.99
1993,749.0
7977,501.95
6392,3066.99
530,674.99
4933,784.815
4531,1637.745
7831,944.95
569,5410.015
4887,974.645
4850,905.5
2153,699.0
2949,699.9
2783,597.99
644,908.815
3219,645.0
4478,491.945
4013,860.44
737,1460.3899999999999
3837,1389.0
5398,925.51
3482,4925.62
2136,802.875
3445,4171.61
3740,1082.56
325,1107.725
1844,1562.455
7775,1629.95
5639,1538.25
290,1028.03
1766,1558.2350000000001
6372,557.76
5231,815.99
2737,509.0
2344,5513.745000000001
4801,647.575
6701,1641.9
3465,3312.88
4429,1399.0
7566,864.95
4019,1289.47
4078,622.3050000000001
2383,1228.03
874,1861.355
3436,234.99
6844,209.495
2031,1965.37
3710,2186.99
5292,1342.71
3359,2716.61
6110,799.9
372,616.365
6638,806.64
5757,1599.95
7723,2191.9
7586,1164.95
3870,948.39
2258,399.24
6379,3499.9
3553,778.24
2912,1815.1
5720,959.7
1569,1424.2849999999999
7182,1199.95
4625,3679.0
7735,985.9
5881,336.94
6224,831.17
6418,1232.99
5572,702.565
1373,1499.8
921,1199.0
7317,1614.95
2372,1407.095
1760,2864.535
6808,1086.73
7830,522.95
2828,1004.495
4138,278.775
3441,1079.99
5972,1535.52
974,1339.875
7929,1629.95
1437,1075.725
122,1360.955
6430,1380.99
481,1049.0
666,2613.8
3884,1888.88
293,657.49
7805,1329.95
5384,3296.08
5271,853.615
950,2948.675
1981,3257.88
2488,1149.95
5920,341.635
441,1913.3200000000002
1392,400.495
5979,979.0
856,712.87
6950,2703.62
3093,1053.89
4058,809.0
1459,880.26
4436,796.205
4574,2195.985
1496,1251.115
1186,627.34
6229,2060.99
3286,1433.92
4376,1005.18
7150,619.95
6158,374.0
3956,595.94
5548,440.08500000000004
3066,1199.99
5333,1248.875
3289,2444.0
5069,256.7
5606,734.475
279,784.77
2564,1053.9850000000001
2704,2124.0
3652,469.0
5310,1418.585
6310,783.26
6979,1074.95
5778,883.9
3259,1954.0
6971,3185.99
1114,1916.8400000000001
3565,1710.5
1713,1630.195
2112,500.81
3883,4843.33
6098,2773.69
1718,5278.545
5125,11559.9
6346,2768.99
3429,4325.07
581,3981.5699999999997
59,1523.965
7436,529.0
795,9450.06
2505,1299.19
6892,2833.935
5277,442.765
3297,4765.985
5165,1609.9
4361,1126.01
6081,179.9
4809,1048.23
6465,2199.0
4573,404.17
7408,789.95
7191,1184.95
3510,470.635
7516,1730.99
184,1857.5
4080,1197.15
5063,384.695
422,1058.2350000000001
557,1111.38
1410,1587.03
7221,2314.95
6404,1327.99
6327,179.71
1779,2042.7849999999999
2338,515.04
297,1758.4
445,3255.915
4917,336.375
1132,1069.6399999999999
2660,924.45
1950,2618.9849999999997
659,751.72
2415,2498.165
5586,985.15
2624,571.27
4297,1079.92
6262,1734.455
5876,649.0
6477,763.21
7863,1929.27
562,380.82
6983,2567.35
1384,1620.24
917,1581.7849999999999
5122,469.255
1448,1076.32
6840,640.68
4469,2029.0
2986,706.485
7487,1467.71
936,1065.44
5907,1681.9099999999999
15,988.0
7306,932.99
6046,1699.9
7183,2099.95
1174,3178.44
3085,807.5799999999999
6491,2128.71
4194,1048.7549999999999
7011,909.95
2827,6591.115
6539,978.42
1375,826.0
1225,771.0
1905,769.0
2390,1063.0
3014,1221.5149999999999
6281,1539.0
3043,1874.44
1183,823.99
4210,718.645
2701,2046.0
2593,866.37
1858,484.3
3386,322.56
1888,749.0
4658,643.01
7757,1369.95
7501,1805.0
5094,509.9
3363,6490.305
388,1877.4499999999998
5168,932.99
1045,2138.01
7342,969.95
8000,2214.95
5117,2858.99
4589,3222.4649999999997
941,2641.51
3374,649.0
697,699.0
1920,1901.61
5830,3443.17
5808,783.9
7403,1229.95
6882,947.0
6835,1791.8
44,1711.665
2943,514.71
4150,204.99
7123,1199.95
3393,763.65
5065,235.37
6621,3049.9
1702,1119.0
6032,704.0
2963,558.39
63,1763.6399999999999
7918,864.95
4110,1349.0
3423,1429.65
227,1337.57
7751,1379.95
5071,529.0
7961,2149.95
4619,545.4
979,864.9399999999999
1828,2389.825
7347,3681.29
2220,1221.5149999999999
4303,778.015
5739,2499.0
2685,849.0
2856,1387.365
1889,1331.885
3988,585.0
5185,3409.9
6223,1895.0
6843,1091.71
252,842.0550000000001
2567,1008.07
5248,1396.64
1809,2383.76
3193,352.8
4178,348.49
4486,983.05
7603,1764.95
4837,2529.41
1931,2150.635
2148,1611.0
7900,1934.95
5902,1532.41
2899,2423.7
4964,1345.995
4623,346.47
75,1324.125
3011,2077.175
432,542.345
4101,4033.88
6523,1092.11
4546,691.2049999999999
2703,899.9
3499,1061.99
5396,1561.35
5787,1675.0
4357,814.4649999999999
5076,857.06
240,671.3299999999999
791,2270.21
1367,1209.685
6639,469.04
987,2509.44
817,549.6800000000001
2197,1925.34
1618,1011.2950000000001
2371,909.32
3109,4301.74
1639,1563.755
8018,1409.95
1501,981.5999999999999
3872,3699.99
1821,1412.4050000000002
2124,2727.0
7148,944.95
1370,2471.66
5343,983.41
2664,1064.99
4417,870.5350000000001
2429,1969.56
3172,7564.88
3107,2792.29
3818,5039.11
3001,3794.53
3850,1290.73
7042,225.0
29,3102.28
4739,8205.73
6128,2628.95
1105,1972.3899999999999
124,1013.5350000000001
5119,862.99
5901,1642.94
5576,756.2049999999999
4954,605.55
5150,1059.4450000000002
1572,1589.42
4163,826.365
602,1944.125
6338,2299.0
1429,804.81
4228,552.86
5688,1099.0
4703,2179.285
3684,4978.39
2226,823.0799999999999
5934,2456.5
3977,1122.0
2707,1689.44
816,998.515
5531,649.4
968,395.78
6965,837.85
3250,605.59
818,3179.12
842,5206.88
7180,899.95
2934,756.01
1248,3638.435
1238,1195.72
5316,1205.13
4167,857.255
2983,499.37
7101,1524.95
2756,1196.41
4957,1128.38
2893,1399.0
6297,769.32
1676,1779.7649999999999
6890,4578.31
454,1397.795
4732,670.9549999999999
4895,1158.3049999999998
424,853.625
1233,880.74
3017,3295.0
3635,1832.0
7526,4282.81
3199,4998.25
102,946.945
4971,4943.45
3707,1364.43
1599,662.49
4255,1889.9
2235,1250.045
170,1857.5
5975,1293.05
135,1411.075
3962,1020.0
6846,665.0
1323,1144.275
7265,1799.0
2315,2435.8450000000003
7763,1099.95
7194,1539.95
7168,1199.95
4642,378.385
1964,2197.38
2430,3436.84
2726,3914.27
4750,1547.1750000000002
815,1366.775
2074,1133.63
4541,1525.22
464,1152.1399999999999
1985,599.0
7798,1079.95
807,2094.575
4660,1415.855
1086,932.0250000000001
144,2282.965
1353,662.22
2754,800.99
4635,490.01
2120,1428.0
5032,599.9
4494,3079.74
3467,509.44
4535,1906.795
4970,668.99
5966,399.0
1014,1879.99
7287,1914.95
2917,4314.83
559,954.6
6809,2380.185
1504,1240.885
5775,1898.94
1285,1391.315
1424,1541.995
7124,2489.86
7377,1709.95
1490,1285.79
6321,2359.9
7861,1327.8
5006,940.4
6986,1344.1
5321,3869.805
6794,1843.39
991,1076.4450000000002
6860,1161.11
3256,1160.53
7128,4384.665
1281,1181.1
3571,1296.0
268,1132.2
658,944.895
3142,360.39
3049,1464.33
4966,1053.245
3131,694.6
593,514.69
3762,4558.0
2815,402.865
5322,778.915
4446,554.49
7889,2049.9
5201,775.99
7911,833.9
1831,608.68
6957,1334.95
7666,3060.335
6778,2749.99
681,952.24
7608,527.95
5436,1317.6950000000002
5223,550.99
2984,1444.0
4734,1267.35
7008,744.21
4220,592.19
5931,146.0
5943,2197.75
4126,524.0
4219,717.87
2538,3876.11
1630,1840.01
4374,1079.605
2549,951.125
6325,2064.88
5422,4172.85
2623,3112.5
3844,4182.95
609,1563.815
4605,584.36
4455,556.885
1487,653.025
5958,552.99
5479,631.55
4229,2596.785
3636,1508.4
4139,688.265
3783,1569.0
2184,1381.01
4018,2514.0
7725,604.95
2106,2076.08
4994,519.22
4387,1640.08
7892,842.71
5546,737.46
588,179.0
4761,799.0
5056,924.7449999999999
3742,1528.89
7851,597.65
6260,534.89
5170,1726.4450000000002
3630,683.385
5326,4559.0
4338,575.685
4269,705.87
7768,809.95
5698,1390.0
345,370.34000000000003
2924,603.77
4695,547.975
6912,635.95
7572,2284.95
3952,2822.53
6259,2879.9
3873,2645.47
6480,759.0
90,784.23
3784,666.0
4413,1749.29
7655,539.0
7527,1334.95
2146,1939.0
6994,949.95
6140,1516.59
4643,379.0
3000,3011.99
957,1443.9850000000001
5517,1528.71
6517,2069.9
4299,679.6400000000001
893,523.815
5372,4621.5
4700,164.985
5418,1575.19
3760,1554.99
7401,1239.95
5968,913.0250000000001
5439,288.5
4835,610.5350000000001
7935,506.95
5789,686.99
5670,749.0
2459,449.99
3681,1126.8
6129,797.8
3268,2806.955
5433,791.65
6891,725.33
6578,2183.41
2440,2859.805
4910,408.205
1729,668.0150000000001
7664,1859.9
4764,914.6949999999999
1199,440.755
7939,1949.95
5813,1124.95
6150,1814.12
7888,2463.54
151,1218.495
925,1800.025
1318,531.68
6546,1316.99
5802,1186.84
6623,1749.9
5339,610.78
1411,690.0
183,736.94
6493,2262.85
3208,1236.82
4728,1113.205
2461,1602.04
473,980.3600000000001
977,1830.425
209,1417.05
1990,2642.76
906,1648.96
6248,667.58
7749,553.95
4953,512.51
1792,1125.7649999999999
6586,909.18
2331,5514.21
1222,450.195
4340,777.55
5935,419.0
3989,699.0
1264,561.315
7114,1485.9
6306,299.0
7018,722.07
4882,559.9
5221,1513.99
292,1895.0900000000001
2965,1794.76
1064,787.8499999999999
3180,1153.21
8005,1039.95
272,525.03
2071,1772.4049999999997
5336,1228.14
2631,661.88
2878,2681.63
3002,427.53999999999996
1099,5033.795
7560,1374.95
6619,1959.9
4457,904.9
5791,1599.95
2720,3075.0
3548,5087.04
5143,1399.9
7117,1458.9
3337,5430.71
2944,1062.56
7095,614.95
4045,916.8199999999999
617,1490.1
4280,748.515
4617,999.565
4053,2482.36
4528,775.62
4742,582.985
1767,573.4549999999999
7284,693.9
3627,301.9
2600,2363.31
5058,724.0
4821,775.335
3626,1142.34
2183,2636.575
1357,573.1700000000001
7799,1264.95
6072,441.16
5799,2381.49
962,639.1
2705,421.99
1523,2704.08
5365,570.66
8016,999.95
4162,369.0
1134,1137.855
4582,864.085
4876,4216.86
3831,1093.77
7195,939.95
5264,364.0
4851,569.0
418,623.535
4798,692.415
2477,2223.51
4208,800.86
568,1413.0
2577,510.3
1237,1846.72
142,865.84
1509,449.0
7040,489.99
7923,713.78
2033,543.7950000000001
1207,1152.615
5977,1958.835
2755,357.98
1775,3071.1899999999996
499,1279.0
6933,7232.39
7883,1434.95
922,884.88
728,2232.23
5885,5466.42
4398,691.9100000000001
1515,489.0
5158,2233.055
1539,826.495
5171,833.02
7463,1642.9
3893,3552.06
7275,472.9
6514,1647.98
108,1057.36
1773,676.435
5672,384.0
1364,1104.635
7917,1899.9
5794,2769.73
6125,1654.525
2002,930.08
336,2698.29
6941,1234.95
7112,624.95
3642,2036.0
2998,2787.6
6634,1009.09
3466,2647.87
731,1162.83
772,452.585
4397,1104.0900000000001
3881,913.63
4560,679.45
307,3322.35
1291,850.105
3942,3225.06
3746,391.75
6295,982.73
5213,2699.99
7320,1091.9
1811,2527.12
4377,746.745
3960,511.2
5697,1524.74
2082,1140.975
3115,1981.25
3065,1624.25
71,271.505
5610,12317.43
5092,1138.995
7414,645.95
6165,1656.03
1273,608.0550000000001
1685,3350.1349999999998
2954,810.54
4052,1128.99
6981,1687.82
3054,534.81
2196,679.52
7682,1459.9
2584,520.14
1714,361.51
1108,3586.0249999999996
6085,316.145
5919,469.0
4683,395.975
1649,1553.2150000000001
6988,1224.95
1910,2130.495
5450,1813.975
5425,2762.68
1631,1169.835
988,576.845
4004,7454.43
5751,679.0
3321,637.99
857,433.0
5628,1426.13
4568,618.39
2302,1436.51
2433,1278.39
3974,1127.12
1855,2522.63
4435,354.79
47,704.675
5043,466.26
1363,405.685
7515,1749.9
3060,1925.995
448,1719.0
2277,909.215
1762,1234.4850000000001
853,599.8499999999999
4769,512.425
3091,813.93
2487,909.0
682,2416.475
3932,386.46
4563,2799.965
1307,1623.955
2746,1349.0
5116,705.36
4593,1201.9850000000001
7541,1499.95
5785,1424.95
4847,222.495
1125,2239.15
783,699.0
7628,522.95
2260,2116.465
2257,702.975
2182,847.13
5973,573.0
3803,1689.67
3048,1107.205
1379,1443.065
1488,1272.81
1879,371.435
1992,1098.99
5441,189.9
5416,799.635
5389,918.6949999999999
3894,6433.77
487,436.855
2268,2449.0
4839,427.7
3082,1871.13
6825,735.49
6201,632.92
30,2480.915
1908,1621.435
5864,1325.9
3568,955.0
5538,1298.68
3397,955.49
7870,3485.02
6203,1252.86
1049,1611.21
640,1426.13
5146,1059.4450000000002
3027,587.975
1096,2056.0
2670,1147.27
870,1703.055
4048,147.60500000000002
913,3723.925
4909,819.79
109,1094.99
7758,1999.95
5051,1539.9
5726,1490.1999999999998
6674,773.26
6789,675.0
6929,2982.02
5937,974.95
1856,483.775
3935,2779.23
3062,435.69
790,2238.2799999999997
8009,1609.95
4961,818.5
4553,801.855
2812,3899.0
4355,635.565
1849,878.265
2672,423.0
5574,1020.28
1107,489.0
5676,1278.99
6112,1399.95
8001,1009.95
6294,2809.9
3323,1634.05
2851,1305.27
1673,2192.565
6618,1649.99
7396,844.95
2355,2909.27
2457,1251.9
6518,607.03
2711,1590.41
3055,826.76
2735,3951.97
7881,876.93
5270,535.9449999999999
3490,584.9549999999999
5066,2680.99
7836,195.99
178,1752.505
7410,1099.95
3781,678.725
6677,572.92
1217,790.315
2231,2512.375
3413,1041.35
6561,886.38
6235,1944.31
3459,1759.0
8017,1979.95
6656,837.54
1789,1785.12
837,3796.92
951,635.71
4011,716.79
2536,701.54
631,870.515
7781,1199.95
4773,954.39
935,6973.965
295,231.91
1065,1265.4650000000001
2764,1362.6
4795,979.8299999999999
4421,1304.23
2853,926.0
2846,1917.43
954,693.965
7999,999.95
6706,714.95
12,1312.56
1130,610.3199999999999
6858,1799.0
7890,660.95
7005,789.95
3103,1934.99
6787,599.0
1332,324.44
786,382.92499999999995
7880,1799.0
7385,1374.95
3621,735.84
7819,869.95
4131,378.995
657,2603.8050000000003
2527,2755.46
6989,927.61
3376,1809.0
6985,699.95
4679,1131.6950000000002
4983,637.26
7862,1749.0
8004,2329.95
6522,3159.9
7063,3198.99
6678,874.39
6765,1000.57
4104,1173.995
5621,2647.11
574,3717.6949999999997
1465,3351.4849999999997
4852,749.0
4067,756.06
6574,2227.17
7119,2596.42
1764,2230.78
2798,2249.0
1609,1167.51
3825,304.29
287,1247.06
1757,2435.44
5080,679.9
7135,1639.95
3432,2251.02
5024,4053.455
6602,2901.99
3841,2247.52
5268,613.0
2884,3907.53
1703,1393.745
5278,1490.51
1351,623.9100000000001
6598,908.99
2799,1695.0
4943,2072.44
6630,936.99
7667,1201.98
8051,2314.0
2288,2493.77
4697,689.03
4919,865.185
3964,233.43
6657,1367.54
5265,1760.22
7314,1407.91
1583,2309.6549999999997
6173,2253.61
4712,494.42999999999995
3914,3603.6
7767,1999.95
2214,266.855
3878,1463.36
1244,1493.125
5100,2093.9
1271,3810.305
2284,935.45
1980,1629.0
7503,558.95
113,358.03
6862,729.33
2560,1729.95
5923,746.2
4061,574.45
3084,4203.45
2599,1889.47
3812,823.3
509,1900.0300000000002
4441,841.495
4102,1199.0
3522,2663.42
3634,2463.0
7868,1779.95
4311,410.145
2907,545.55
4744,532.255
4322,908.405
7592,984.95
351,570.75
4799,586.015
4408,740.905
4543,396.17
2556,728.85
2675,990.595
4394,1919.0149999999999
1127,1079.825
2903,791.0
5713,1293.0
298,238.215
1694,1877.0549999999998
6415,1099.9
7644,2438.4449999999997
3396,995.0
6163,1852.345
6597,1699.9
6875,1012.9
7025,1174.95
229,3686.085
76,1615.9050000000002
3713,428.3
5614,1066.47
6340,1269.81
5210,1419.99
2132,362.6
6358,1938.73
3529,2540.0
3293,2636.37
5604,485.32
5408,692.49
1633,840.79
611,2308.92
7647,1861.73
1106,595.5699999999999
7438,1743.64
2678,435.0
6549,1438.84
7921,1999.9
7660,1899.0
203,829.0
2428,3755.165
7009,844.95
5124,1619.99
845,737.8199999999999
2991,499.0
4872,728.89
7997,999.95
1243,1988.8400000000001
6139,2869.72
1628,5056.67
3481,1032.87
5091,618.98
4780,1024.835
4364,1263.9650000000001
2789,1272.92
3307,2754.5
6209,517.99
7872,989.0
4153,358.24
3188,555.0
6336,2119.9
7743,1339.95
3619,1399.0
5054,824.44
5983,1452.26
661,330.945
798,865.0
3045,4868.79
7162,1124.95
6665,701.76
2613,2049.0
5662,1062.37
1372,1520.97
5936,1919.9
2382,1628.38
6958,770.15
6547,3239.9
2838,1491.24
3241,997.71
5939,8153.91
6644,319.0
7061,499.0
3774,5807.67
4154,1899.0
2628,1714.99
6181,1389.62
4111,1445.99
4198,547.4200000000001
5735,909.99
6902,1321.0
1799,576.04
3378,459.0
811,1192.47
866,811.76
4631,1102.53
4735,2149.99
1000,2260.87
5440,4942.37
4890,718.345
5592,917.005
5716,799.99
219,643.535
3262,454.01
1301,997.06
586,646.61
2673,6686.27
43,945.635
1247,1909.21
6581,1745.99
3443,972.2
3285,686.46
7803,1164.95
1921,1887.9099999999999
4936,579.9
7075,179.0
7073,1789.9
6682,1670.44
1084,1799.875
725,479.0
2404,1539.99
1524,453.745
674,1117.46
4860,507.53999999999996
3009,2908.99
7113,1981.75
6468,1361.99
6739,839.0
907,317.375
6508,7313.73
2723,732.645
2947,1148.99
4160,2429.59
1549,737.81
6848,274.0
6763,2726.03
5801,1399.95
6454,2682.8
4442,5499.99
3640,1766.28
3972,608.68
3366,2105.16
6167,709.67
1903,1073.29
2410,417.74
1788,814.79
6728,4960.51
4902,959.7
2012,2592.68
534,670.265
5798,1734.75
6748,1993.37
4038,3049.9849999999997
2938,499.0
81,1048.845
7785,1314.95
5566,1777.53
2192,553.05
738,940.81
2373,1661.75
5882,4346.16
2261,2411.1
3779,1466.75
3637,1716.49
7607,2269.95
5129,357.385
4667,1153.995
4406,1094.17
3788,908.05
7948,542.95
2762,999.0
1268,1653.855
2133,1408.0
4371,640.4449999999999
5354,380.07
6502,834.91
908,858.46
430,925.2
5596,4101.56
4519,470.325
6329,2229.9
7311,710.9
1235,1212.0549999999998
6261,909.0
6191,1537.09
5807,1545.24
5206,1153.99
3272,1607.46
7099,1185.9
1640,858.505
7214,1949.95
6790,3182.99
6455,906.2
1109,496.745
2772,544.89
2101,729.0
7297,1252.86
7192,1649.95
4086,1178.48
3905,2906.77
6820,795.0
2642,2180.0
1808,10010.43
6925,2259.9
3957,5491.18
531,580.6700000000001
4085,686.495
192,811.1
3491,1487.93
1139,2297.525
4980,7900.0
6676,1282.99
6723,1102.49
304,729.0
5742,1014.625
1305,321.15
70,858.96
3559,1499.0
6554,983.63
2744,2108.18
6542,1139.9
5573,3332.18
839,1785.98
8003,1329.95
1474,1815.0
4997,870.7
4956,1022.0
238,3647.125
92,829.9100000000001
3034,1627.59
5839,425.0
7359,1874.95
5559,696.2349999999999
4898,1022.95
6915,933.2
7551,1939.95
4283,691.24
5099,1082.77
1011,863.6800000000001
6420,2551.99
7731,769.95
2417,1966.245
6230,2121.12
4696,2664.99
6662,1649.3
3279,10627.83
1551,663.48
2453,1274.05
7853,3360.21
413,1549.99
3597,2042.22
7738,704.9
2862,3029.6949999999997
7455,899.0
5950,5110.99
3144,4178.725
4501,1184.815
1755,1342.4650000000001
5600,775.11
5087,1976.2
7366,1199.95
7910,671.95
6162,610.5899999999999
3398,788.82
637,994.935
3080,4070.395
500,2265.76
6043,579.0
2513,913.63
4565,923.715
641,974.0
727,1449.0
288,1876.8
764,1010.77
3610,4898.68
3401,4412.89
3155,3336.92
4422,838.44
4815,256.115
7618,1399.95
451,1449.0
600,1809.0
3605,2999.06
1081,525.8299999999999
1971,557.2650000000001
1666,1231.26
7952,1359.95
5328,1180.97
2757,639.99
1719,1033.475
6484,813.92
5803,2282.19
3734,524.87
2999,1179.21
6627,2438.99
3479,3509.2599999999998
6049,1029.0
2152,624.5
4206,775.4449999999999
86,510.93500000000006
2340,1879.34
2734,333.9
5459,984.355
7739,2388.32
6731,1204.0
2649,1225.545
3682,3561.35
3118,529.0
1042,2923.46
4823,571.22
2933,2558.515
6775,1669.48
3916,908.15
2173,2699.0
3992,2012.3
6381,2549.9
5084,1319.9
1213,661.6800000000001
2054,2147.115
625,824.3050000000001
7344,1499.95
570,2029.125
4903,498.11
1863,1549.0
1347,2547.22
3882,1379.0
7673,132.5
2128,3277.87
6096,459.0
3409,330.26
4386,584.88
1707,1645.0900000000001
752,1598.71
5883,406.99
3646,876.66
2216,1677.2350000000001
195,853.99
1165,655.0
3416,699.38
5340,985.99
810,392.515
5191,1619.9
2385,729.0
7398,1399.95
3958,1290.0
7313,1769.9
5241,219.99
2097,2311.58
2964,2059.92
3567,650.99
6244,944.95
648,1178.2849999999999
7144,1749.95
6769,3231.94
5583,1454.665
6735,928.99
7269,1883.27
120,728.82
1796,1139.045
3038,3300.88
4331,1821.2849999999999
3135,4386.36
7864,1079.9
4849,449.0
3094,256.12
2164,3833.63
5615,5529.45
6478,906.99
134,753.595
7138,699.95
4410,508.28999999999996
4308,671.24
4934,1761.63
4015,632.2449999999999
2611,559.21
62,3288.48
5700,1142.0349999999999
7038,629.0
5351,2080.05
1661,1385.995
2517,1999.0
683,1389.3600000000001
7636,739.0
748,779.0
1224,689.27
2199,1420.975
6696,795.77
7707,1006.49
5385,1299.0
2957,501.095
3335,865.23
571,1102.495
1902,3985.13
652,1185.77
2651,714.245
1736,803.635
6702,546.75
2900,485.59
1405,764.19
6077,241.69
3644,2860.9
7702,726.9
3463,1383.75
5933,1694.395
491,788.165
495,626.4300000000001
696,986.69
5668,809.75
606,1649.0
1940,1446.245
5569,589.235
6652,1333.26
4008,3069.07
5736,1130.9
3544,2087.87
3755,865.0
5545,1485.99
2406,1776.48
1200,1703.6950000000002
274,1329.295
6473,898.465
6037,259.385
1374,1290.135
7681,1184.9
1545,540.095
5645,1268.3
3919,2206.26
7946,1569.95
7461,3862.665
4165,881.96
7588,1749.95
1350,1176.585
5052,1999.0
955,707.94
7007,1234.95
2280,1647.155
7606,1249.95
809,1421.105
5594,1449.99
2381,999.065
68,2035.4
5926,1014.95
5754,9129.2
2841,699.0
1617,795.505
4266,662.885
7225,1249.95
5254,4199.99
1522,1259.0
7096,3251.54
150,374.52
2861,1320.97
3670,1321.76
2115,2214.805
7360,542.95
2289,1345.845
6931,2039.9
4401,409.845
6849,179.99
4640,1269.8600000000001
868,1524.79
3506,779.9
5758,999.0
4570,5520.945
4871,699.62
4155,965.995
6009,2295.0
367,871.99
1446,3704.515
4360,798.27
5671,739.0
1798,1225.99
4949,1250.51
4232,910.7950000000001
1842,2398.99
5177,1119.9
850,1262.56
2761,919.98
1202,1400.19
175,1210.8600000000001
4498,778.325
7590,1184.95
621,1969.62
2122,799.0
3389,1828.47
5877,894.9
4382,518.25
82,1351.7250000000001
7464,293.99
3284,2938.6
824,1331.0
1043,1435.68
6020,933.79
300,940.36
4517,919.5699999999999
1491,2085.1
283,1299.9850000000001
2057,1797.645
4450,414.5
4969,1139.99
6411,979.9
2972,2939.68
1837,1219.8200000000002
1284,1061.74
5524,1714.16
5960,933.9
7079,753.9
6019,925.74
5132,1089.9
4033,692.22
3220,2556.38
828,1000.6949999999999
2345,3988.1
2037,1020.8050000000001
5838,819.4
2698,2677.99
4369,2136.0699999999997
7358,1724.95
2337,10010.43
4335,839.0550000000001
6263,1658.12
99,2922.495
4862,2047.225
751,3265.26
7750,681.95
7467,359.99
482,1392.975
5358,1032.8899999999999
7829,1024.95
5717,256.69
1170,1122.245
6777,1959.0
5233,730.415
5965,960.0
1452,776.51
2458,1020.64
7860,599.0
403,1326.525
5498,749.22
2224,299.0
959,972.425
3848,1285.89
2096,1029.11
4212,780.0350000000001
5665,1399.95
672,2239.9700000000003
218,792.2349999999999
3450,2213.12
1991,1241.9450000000002
3898,2699.0
5856,435.86
2242,1870.46
2689,614.99
1678,412.865
5127,1626.4850000000001
6926,1203.9
7990,1249.95
6939,1747.19
2174,2223.44
784,382.92499999999995
2480,630.75
3126,884.49
7085,4142.8
5804,960.9
4637,1308.59
4927,963.995
1510,1980.4899999999998
3223,2518.6
7014,650.8
3697,1189.04
3593,2690.51
6055,2887.29
4702,877.435
520,2162.745
4217,3234.315
6766,2499.9849999999997
4585,1039.605
5928,2821.04
7849,705.66
6188,3507.0
1428,2016.595
572,4527.825
361,819.0
4057,954.405
6963,2275.92
5274,1263.645
6587,3097.99
3167,3501.72
4411,1103.745
766,404.065
5131,1270.99
7585,1119.95
8019,919.95
6563,1299.99
5288,632.25
214,903.3800000000001
8011,889.95
5868,2347.99
5471,574.94
4922,2438.4449999999997
3632,1500.88
4091,1083.25
1492,2103.125
2273,2696.47
732,3356.815
4616,866.895
49,1506.69
6332,2842.99
6021,1367.05
3197,1113.88
897,639.2249999999999
7072,2177.5
4480,434.83
2950,2194.41
7523,1834.14
7913,1339.9
519,476.49
3240,1654.57
3006,4158.525
3886,1063.38
139,1256.9299999999998
3828,737.48
3889,1922.44
4039,2249.9849999999997
3273,1640.0
6767,1909.0
112,832.495
3271,889.24
465,571.79
5003,456.58500000000004
1246,517.135
3327,2699.0
598,1515.995
4923,1167.5
452,1462.72
5542,1916.99
3354,1147.27
4182,1484.765
4748,1062.545
312,1827.15
4001,1123.93
7716,1849.95
4718,855.2
6034,1008.135
7298,996.99
5452,941.53
453,4206.065
3238,299.0
6161,763.19
6533,890.77
900,1282.56
2820,1857.28
662,3113.885
1525,2095.3199999999997
4022,9827.09
4611,769.87
7553,749.95
1009,1834.105
390,649.0
3493,980.0
2363,966.0
1495,2354.08
2269,1837.415
7259,879.78
7271,499.0
7433,376.52
7966,799.95
6817,2747.12
3029,2580.385
3471,1199.0
2832,1103.455
1952,433.755
765,749.565
707,1872.51
7074,869.95
1306,1758.175
7127,2329.95
2930,5840.81
6764,881.18
2586,1175.71
6795,2923.16
1936,407.09
7163,2514.95
5620,3140.11
369,594.9849999999999
1966,1299.0
4272,2249.0
1164,1075.0900000000001
7736,2614.6
5147,929.0
4561,708.73
4337,690.565
3069,1029.0
7932,1076.99
191,375.62
5684,3079.74
4484,1082.5
174,1399.45
1932,1917.66
1112,1501.15
7924,1719.9
3494,1049.95
5197,1464.99
2323,2084.99
7885,2607.99
7842,1339.9
5378,2656.99
7281,1799.9
1177,475.36
5959,249.0
5763,547.99
5443,1392.8649999999998
6305,769.99
5097,9459.9
6334,2670.0150000000003
1680,1883.23
510,778.05
166,939.9200000000001
5371,1437.73
5570,1118.5349999999999
6084,769.0
7449,1325.9
3346,1182.59
5461,337.8
3585,1679.07
4301,337.78
103,1809.625
3342,1749.0
1124,6702.58
4925,734.99
4089,398.995
1117,508.41
4995,644.0
1771,2475.65
7213,1089.95
7480,1409.9
3749,1396.0
4096,598.3100000000001
2973,578.75
5341,1763.705
1677,1501.4899999999998
152,1023.49
7149,914.95
2533,1073.44
1602,1395.1399999999999
6801,1579.0
2603,1009.815
7895,1749.95
3938,4844.74
3643,5485.4
6190,5258.505
5944,4240.48
6900,800.9
7058,1554.8
2238,1510.77
4504,247.995
5634,364.8
4524,1270.425
3042,1545.0
1846,1251.79
5363,663.01
6238,769.0
4647,674.795
5496,1216.0
6469,2599.9
309,1972.995
212,239.87
7639,1659.9
6531,1258.99
3691,1015.91
3715,2682.46
4443,307.35
7443,1914.9
3540,997.04
497,743.28
7510,2189.9
3333,813.5
205,1247.54
1449,591.81
1148,1166.0149999999999
2638,2072.44
878,316.945
2806,1467.88
3705,3290.0
305,1466.825
1876,672.5899999999999
7869,857.9
4054,1749.045
2017,1167.8
3316,1800.0
2855,567.99
4597,2598.84
1553,1365.95
3176,756.94
852,820.505
2016,853.775
5677,529.0
5442,635.02
1733,308.385
384,2720.4700000000003
1557,379.0
211,3665.1450000000004
3474,1210.99
6490,1152.31
1986,399.0
5304,1651.52
2485,2021.505
2784,841.25
6246,2727.85
6157,2774.745
1362,837.215
7669,189.99
3867,2235.01
3672,509.9
6189,1000.45
684,1985.53
180,2099.0
7679,1382.61
4035,921.1700000000001
7458,2099.9
4856,599.9
278,1603.14
7116,2015.33
3400,444.9
3329,1478.79
6126,399.0
2530,1707.05
289,1088.19
3136,2019.37
5047,839.0
5932,1198.15
6079,522.86
1003,1057.8899999999999
3311,1243.49
2265,676.075
7533,1259.9
39,1899.375
7630,1574.95
5474,1349.92
6323,399.0
2811,880.755
6481,1626.01
7576,1339.95
270,1107.185
4731,1377.99
2940,3081.0699999999997
6605,2449.9
5222,1389.99
5308,403.83500000000004
5823,889.95
4938,603.23
6283,757.23
111,234.46
3294,1737.12
1404,1665.735
2655,1193.99
220,1108.775
6367,1344.99
4885,846.2149999999999
3971,1428.1
5280,950.46
83,724.475
883,1649.0
7563,1924.95
5072,2076.27
463,769.0
7106,522.95
4135,782.54
555,1242.33
6056,749.9
2414,2309.0
7877,1549.9
4264,2000.2
2275,3514.02
7596,879.95
4613,1400.395
2498,1909.6100000000001
2362,6424.855
6782,1250.51
2175,1706.5
4699,534.0250000000001
4473,644.3100000000001
7132,2597.93
654,5149.0
7587,934.95
715,691.06
6910,685.84
4327,640.09
4426,636.8399999999999
4247,561.0
3123,767.11
5434,859.99
3431,6716.55
1438,962.705
1229,1443.995
6175,996.9
1953,3165.0
104,571.51
1077,718.345
3885,1147.27
314,1599.0
1302,1490.5149999999999
4512,2096.7349999999997
1441,1418.9099999999999
4508,389.0
6364,1500.99
3196,650.33
4662,819.475
8033,531.495
3067,1520.82
6689,2759.55
1118,1880.735
4440,697.9100000000001
5957,3042.085
4990,1110.0
8061,2249.95
4403,562.995
689,1032.24
5930,1118.37
5216,1162.99
2822,280.56
4754,1576.96
6231,6353.66
7846,171.09
3776,3280.92
7397,1829.95
3980,1332.5
6299,1159.99
2500,1832.0
4183,790.895
3923,1972.99
326,991.575
2709,2699.0
6761,2390.0
7809,1784.95
2205,1648.005
4462,2213.9
4921,699.9300000000001
6995,1639.35
3399,629.99
4803,705.0350000000001
7338,1019.95
4354,1904.8999999999999
2844,1218.59
7772,1349.95
4248,477.45000000000005
1695,969.305
8014,1624.95
349,652.365
5908,2573.7
3302,1799.0
4445,1731.65
5156,1445.99
1645,679.775
6013,595.0
4108,693.6800000000001
6873,884.95
2409,2448.99
881,1360.0
4760,628.245
2246,4461.28
5369,649.0
2247,700.99
3407,751.26
4209,747.675
3675,1554.505
6342,1915.01
5429,1950.0
2150,1699.0
6498,796.27
136,1148.895
6341,1008.99
85,1695.125
4649,943.33
1906,1408.35
2858,3019.0
3765,1180.41
4082,6070.1449999999995
6382,1463.99
2696,1586.415
6921,1204.64
7391,1584.95
2937,590.41
7022,777.0
496,1432.595
2048,993.465
5200,821.99
2576,682.86
5136,1790.9650000000001
4119,850.1500000000001
6252,5882.93
5964,1834.1599999999999
1283,2210.625
4514,701.365
4584,638.88
2952,1068.7
6241,151.99
6680,2622.3
622,1917.86
6919,1739.9
3513,1799.0
4493,307.35
6089,1956.99
4488,2361.0299999999997
4424,902.63
4043,1194.115
4926,749.9
1426,820.505
2230,1509.2649999999999
2030,4007.735
6040,1950.61
879,843.2950000000001
2398,1278.93
2035,1127.48
3156,528.89
2353,834.78
5613,705.21
357,619.565
1175,593.29
7004,726.79
3124,4499.0
4084,1029.0
3233,1588.0
3869,1832.0
5098,719.9
5112,898.465
2662,1261.105
7950,1259.95
1919,2354.0
583,1299.45
2351,933.7900000000001
7599,1234.95
6879,6336.02
7574,1134.95
1710,767.75
871,690.45
5489,2705.59
7031,1769.95
2420,1102.05
2418,1001.59
7012,1008.05
3891,1300.99
6982,527.95
5715,1282.49
3387,3228.98
6264,721.54
3590,2287.65
7564,2639.95
1129,579.0
1560,306.9
4727,1156.71
6226,755.43
7427,2434.95
6291,789.98
4477,260.495
5472,1199.5149999999999
7348,784.95
3754,530.6
7742,1324.95
5421,723.53
5286,573.185
7901,637.9
3449,2336.87
5858,593.415
2551,921.745
7500,149.0
4556,1000.4749999999999
7164,1949.95
6821,1184.99
7708,1159.11
7934,1964.95
3908,1818.6
6107,2696.41
6095,1251.99
5314,3809.99
7688,1759.9
4316,577.805
4781,263.76
6018,994.7149999999999
5550,1770.18
7734,1909.95
3761,1267.33
2081,937.71
4312,842.5699999999999
1795,1781.995
5273,760.34
3394,1650.0
6198,1305.58
2587,2361.2200000000003
7659,747.95
7027,1209.95
1611,1579.0
1742,4506.415
3601,4057.82
6330,1017.0649999999999
4226,477.855
2666,2818.38
4207,260.495
5512,483.53
4211,993.695
492,518.5699999999999
6799,3274.81
3573,726.5
2967,459.0
1017,1686.6399999999999
7813,1524.95
3519,1950.0
2554,1901.595
4199,364.78
5118,17749.9
2346,375.0
3496,3828.91
4610,998.44
2605,651.22
1430,1094.975
3163,1278.93
25,683.5
7187,594.95
2452,1023.745
3347,3848.3149999999996
3655,4642.85
1126,1828.42
6956,2085.62
1571,647.12
6908,1039.9
6972,1592.4
4267,255.685
3973,2647.73
3290,912.79
3488,2022.63
435,1184.7849999999999
989,380.66499999999996
2712,1278.99
1874,706.26
7517,3840.435
7779,1224.95
4762,1859.47
1140,790.495
4986,2625.55
6328,949.95
4802,485.76
4118,717.2850000000001
2569,579.0
7752,1739.95
1115,3106.015
3353,2663.42
4594,1492.085
5497,832.605
6476,1729.9
6006,809.0
5630,1655.99
4103,847.1199999999999
194,2379.5249999999996
619,576.615
647,1590.1499999999999
5824,922.26
3362,972.32
3183,1950.0
1498,1101.51
3667,664.99
2833,1612.53
6628,1744.99
6833,1237.66
5449,479.0
330,2686.57
2236,1099.0
6694,1582.4
5831,880.86
2727,973.2
3379,2709.66
3814,763.57
982,825.7650000000001
485,3814.825
2464,1494.99
2657,583.5
726,513.4749999999999
1570,1999.0
2088,2792.635
7228,1064.95
3999,328.23
2860,2746.91
2618,689.0
4132,449.0
5419,1651.51
32,2259.23
668,1114.225
6363,1402.0
5135,1092.3799999999999
4170,355.0
7406,1514.95
6672,508.41
1461,2719.13
1716,701.345
2849,1460.41
3904,1480.82
2251,6478.51
7856,1059.95
1724,524.775
3863,503.99
3665,1505.9
3968,1299.0
2024,1879.92
6117,539.0
6511,1531.99
4454,735.405
7104,1275.9
3857,2469.0
5395,1232.05
3303,1153.14
5679,332.95
4007,499.0
2308,2535.625
5650,256.05
1414,8554.595000000001
746,1140.12
5792,748.0
7337,1141.74
6069,451.07
5437,2322.96
4336,652.5550000000001
4571,683.115
678,811.5450000000001
5816,2466.75
3941,2543.36
1839,1326.855
5627,2289.49
7816,1915.01
6913,1929.9
6596,1270.99
2129,1998.43
6811,3168.7
2130,2249.65
4880,1249.9
1567,1793.8
4276,248.15
3404,3092.56
4836,889.0
356,425.83000000000004
1479,1823.7
7158,660.95
3296,6753.9
5776,619.0
6936,1724.95
1770,1811.435
5312,1223.0
5046,1378.75
1791,1025.995
1209,705.75
1907,900.675
2725,1635.4
8047,2621.99
2045,1876.565
2034,970.415
3996,3226.72
3313,1768.3
2107,2136.035
397,648.47
2845,590.67
4759,840.135
4179,534.905
5674,229.99
6753,1017.26
1538,1721.955
5426,695.11
1391,791.5550000000001
1035,1008.72
2641,1587.97
5990,458.0
2914,1673.99
5509,461.195
1648,624.46
3615,2929.74
7893,2010.99
3699,3220.31
7209,864.95
234,2779.5249999999996
5149,1209.9
3895,675.99
4225,1461.905
3899,2271.43
5012,1342.3
5955,694.89
1977,1412.995
7175,1599.95
5016,1273.19
3583,1389.62
2728,1630.365
6729,1023.05
2253,1168.9
1119,408.95500000000004
6663,374.11
826,499.97
6228,1092.67
7876,999.95
898,1846.9050000000002
2484,1121.1599999999999
825,1079.79
3501,4839.89
2375,2028.205
6637,476.89
3239,1780.56
5974,2612.965
7470,2499.95
1277,1663.1599999999999
7446,529.825
5835,1279.25
6699,489.71
1241,1187.6
7646,429.0
52,849.0
4874,139.9
5711,734.875
159,1129.835
5852,955.1199999999999
1606,2943.0
1608,2149.99
4627,453.125
4402,997.655
5105,699.0
3959,1470.31
4466,429.9
2885,972.32
438,853.625
7273,1434.99
3981,6868.26
1607,506.3
2837,735.52
6573,1264.33
5962,1031.8
5948,549.79
983,1000.1500000000001
1251,2272.245
3008,1545.0
2376,1829.0
6791,845.42
7827,1564.95
1516,5072.11
2467,1665.33
7169,764.95
5313,909.38
6961,1329.95
2121,472.345
2044,703.375
6687,992.845
5896,528.9
187,1038.415
5954,3899.51
3748,2790.0
3514,2798.28
4794,1325.315
1394,1091.545
7744,1814.95
415,1290.77
3418,745.0
3698,3603.1
7565,864.95
5892,1064.325
5175,848.765
256,2799.0
4709,514.7950000000001
7909,2159.9
2264,2299.0
1786,514.95
4343,1016.505
5783,999.0
1591,922.4000000000001
24,1580.4499999999998
6391,2249.9
1101,1269.12
2751,969.0
5036,3513.02
3484,958.4
3651,6581.81
6831,917.89
2898,2285.9
2343,888.28
7662,469.0
7665,556.85
4259,4549.99
1322,576.365
702,3007.795
7912,1321.14
3851,3728.82
1240,1276.665
2028,1604.6
276,554.0
4518,1957.275
4719,898.175
6914,2067.9
7178,1129.95
5478,999.0
7602,548.95
8029,1529.95
6045,767.47
1150,771.26
2824,2929.74
6047,2970.0550000000003
5114,452.84000000000003
952,2209.1
6516,2021.99
4041,1348.5149999999999
2425,3886.01
115,3293.48
7683,2060.99
8022,1649.95
3186,650.33
4365,891.815
4475,4553.46
5817,999.95
2876,4636.67
3921,994.5
6730,446.12
7332,492.9
3901,1667.8
3628,5208.4
3924,816.99
6091,2299.0
1975,1645.8
4756,615.74
3579,2940.0
1629,531.05
6279,1529.9
2223,1319.9650000000001
5307,420.0
561,2176.635
6544,856.65
1220,1363.5349999999999
4691,743.705
4865,919.76
1529,688.845
3928,2902.19
3830,7105.67
5281,470.6
3287,406.64
3723,719.86
6724,876.185
5528,968.995
266,2184.9700000000003
1153,439.98
3234,3338.25
5749,4877.97
7417,1449.95
1938,1671.505
4864,1615.49
6896,1654.8
660,1532.6
5728,1545.0
6057,275.08
1008,1843.765
4937,902.67
2891,1371.745
6872,1085.99
1250,534.995
6734,2105.68
7845,489.0
6177,7841.83
2215,967.6
1147,769.0
1316,979.815
1646,2700.385
5220,1795.99
1541,1221.89
359,3789.355
138,1057.725
299,2607.955
1575,1053.995
383,2854.81
5595,1186.51
6585,1489.9
7513,1756.9
6359,3259.9
5827,1384.95
6540,1281.83
5577,1289.55
6942,753.08
2778,961.44
1961,1599.0
4932,732.3050000000001
7262,2314.65
7304,1633.19
4270,343.0
6438,919.26
3906,439.0
6907,1369.9
7437,1252.27
4261,988.165
4279,559.0
804,1079.825
2460,583.33
793,478.99
3230,3679.01
123,1584.155
2201,1618.56
6250,901.675
5793,1259.345
4447,461.80999999999995
920,868.98
2341,6030.99
7556,859.95
3727,1813.06
1270,1426.7350000000001
1191,617.6
3743,500.0
444,1407.4450000000002
6887,2309.9
1412,434.97
1475,435.25
7943,1724.95
1067,993.9300000000001
3352,324.98
6204,1492.29
3794,2851.93
3858,2249.0
939,925.77
7257,2289.9
1854,2923.465
6852,432.8
4328,709.26
7421,799.95
6611,2519.9
5377,1018.665
2040,1773.5
6538,768.56
5506,1122.255
7737,1199.95
2661,2620.86
3341,5341.38
6115,1437.87
7198,1974.95
6,3154.6099999999997
3037,1610.2
3444,6062.52
1972,438.99
6959,1998.55
7429,804.95
6836,701.96
6216,2234.65
5192,798.8
7425,2124.95
3202,383.99
5359,680.0699999999999
2271,2097.87
1493,1542.7
6004,748.785
1918,1311.71
3523,4924.43
5044,909.1099999999999
3800,728.96
2050,1777.72
4127,965.245
6362,1319.9
7424,959.95
6225,232.76
2715,613.995
1143,1023.995
4891,609.8050000000001
7312,1164.95
4972,848.0150000000001
4425,894.955
7478,561.54
4251,658.845
1249,2239.185
7811,1774.95
7255,558.95
2313,2044.295
5491,3614.7
7069,408.0
4200,1137.1399999999999
4710,812.97
6876,9497.31
387,1233.6799999999998
1647,1306.6
3677,5126.87
2771,5679.71
4777,1755.0649999999998
5761,2751.595
7071,489.0
3264,2476.72
4412,802.0550000000001
919,1358.0349999999999
6111,1499.0
1895,1199.99
1868,2061.9
2548,724.31
6617,1759.9
5249,659.99
5128,1328.31
4113,648.6
2759,2635.91
6646,579.59
331,1099.0
5769,539.0
7053,1599.0
2509,1192.81
1793,2212.03
5045,4362.155000000001
5297,501.47
2743,499.0
6818,3350.0
6564,2949.9
5640,1349.9450000000002
5946,695.9
6227,4055.83
6180,799.0
5956,771.135
6086,169.9
173,2301.745
3402,3406.13
4711,545.375
3456,444.98
3392,1497.36
6826,1341.99
5037,622.88
6339,1990.99
3489,2071.74
18,1434.525
3786,730.66
7351,4261.78
4203,240.59
3721,1320.48
6400,2811.99
2203,2911.43
1369,550.705
7137,819.95
7321,660.95
3179,589.1
182,1065.37
7690,2359.05
6393,1479.9
1836,1313.925
5227,968.99
1820,2760.915
2474,1675.04
6242,2850.05
4988,377.695
6975,956.79
5632,1032.9
5386,2304.61
7972,1834.95
1172,2221.11
1226,988.9949999999999
1338,2161.76
4989,1018.04
1473,4746.28
7617,1359.95
6186,813.46
1663,569.48
2169,748.17
4644,1888.44
4564,2532.96
7512,2655.19
4485,1399.9
736,919.0
4464,1538.25
1965,1177.28
3892,495.0
7678,1581.8
6968,2184.79
5771,329.0
1123,1599.835
6567,1962.99
3056,728.33
2436,2056.715
1198,495.76
2036,795.5
193,1170.855
6460,619.99
582,381.56
778,835.92
2437,511.355
7983,1799.95
1873,4746.28
6762,1829.0
4381,2099.995
3838,1149.0
7595,659.95
7092,2451.75
2102,613.9449999999999
1925,5066.68
5952,539.0
3752,755.0
2419,2345.22
1464,1551.935
343,1978.64
7125,1799.95
2578,1699.0
734,263.915
4686,691.085
986,1247.225
5704,1270.3
3608,4817.01
7537,939.95
8062,3269.9
4046,1624.665
1312,1107.56
7412,884.95
664,399.0
1511,2446.145
5447,261.555
5626,2977.86
5914,836.295
2347,696.8
7492,2039.9
7432,1774.95
1098,3111.73
7610,2099.95
3274,700.64
5476,630.135
5490,799.7249999999999
67,1582.895
6423,1969.9
2300,1794.91
7561,999.95
4883,425.92
6369,2236.26
3535,2164.13
2407,757.395
4818,803.4200000000001
5404,2873.85
2563,317.45500000000004
2780,2150.65
6883,623.72
5982,637.18
1156,1299.0
7657,1069.0
4814,559.1800000000001
7282,3582.37
5021,1282.895
3888,3719.445
2249,1710.115
2364,2061.925
4941,730.965
5346,734.875
7093,842.9
4195,280.655
1996,633.38
7326,3068.99
7453,1899.0
4472,941.125
425,795.72
6999,511.95
1933,2331.65
7325,573.95
4021,4387.16
3711,1814.99
848,882.51
4705,974.0450000000001
4979,761.96
141,1443.725
6673,790.24
1390,3623.82
3768,715.7
6285,349.0
7902,2139.01
3907,622.85
1151,399.0
2287,3437.295
1806,1118.78
4044,559.0
6690,1598.49
7430,527.95
461,1270.79
7380,1949.95
958,1026.84
3795,599.0
1349,1267.5900000000001
4737,300.64
6434,596.99
1621,955.015
2267,1923.49
643,1373.025
7784,1939.95
3929,1672.63
5296,2099.0
5590,628.99
7220,1529.95
1083,868.93
155,1522.995
2326,1837.13
7393,1179.95
4687,268.03000000000003
1102,1441.1
2997,579.0
6834,779.83
4491,1451.4450000000002
940,1274.5349999999999
2966,1219.0
5209,1065.99
7404,1814.95
3324,662.33
7333,1099.95
6005,1079.86
6953,923.95
7155,1014.95
6976,1799.95
7887,1899.0
1717,548.2
7591,1519.95
8015,1399.95
7122,1282.12
3930,643.0
7356,939.95
7345,1807.39
995,1130.1100000000001
1845,2413.9849999999997
7552,799.95
591,4460.495
7693,1949.9
5612,1171.8200000000002
7904,1459.9
8010,799.95
6613,2969.9
7796,1774.95
3649,1429.0
1408,1390.115
264,1082.27
3639,3633.8
6462,586.45
7368,974.95
5712,999.0
3966,900.0
6708,682.41
2442,935.08
8038,1791.5
3806,1119.5
246,676.355
1613,927.275
7838,1099.0
5469,1432.095
933,1238.525
5014,1563.03
7496,879.9
673,415.68
3696,1647.19
1939,1349.33
5637,179.99
4065,411.0
2753,1159.0
2645,479.0
1800,1993.8899999999999
3072,5823.9
2339,2141.615
4848,1268.45
3785,1295.0
692,396.74
616,2496.585
3276,1650.22
2298,1085.59
7982,904.95
6144,439.0
1927,1556.48
5123,509.9
258,2589.27
2981,2228.55
2879,1553.35
3421,794.71
3617,694.1
4672,1537.395
2316,2410.435
6829,1092.56
486,824.33
2240,812.03
5022,748.89
2606,1899.0
7,2185.005
3750,2097.87
6850,1334.8600000000001
4509,859.97
2471,3573.28
1838,1351.01
2305,1860.475
1022,2689.47
5477,1012.885
1080,1331.665
2020,1769.5
4077,717.66
6895,225.0
7043,185.48
3969,3794.53
7906,1049.9
3108,322.0
789,1899.0
7826,1179.95
1768,867.935
2848,1688.99
1104,969.39
5588,1175.43
6832,722.24
6881,1056.56
6558,2422.8
2663,1773.18
6625,3089.9
2321,2166.375
1746,589.165
614,863.5450000000001
4775,468.07500000000005
344,370.775
7260,1076.99
8021,829.95
3849,2677.99
5788,774.0
7051,599.0
3291,3499.0
97,1415.3049999999998
7305,842.9
1556,2003.76
3680,1083.59
3741,2375.99
6431,1359.9
5015,3957.91
1536,480.68
7110,1998.7
4733,676.545
4379,843.1949999999999
3763,1194.99
2119,2051.34
576,1399.0
7340,699.95
6184,743.21
6710,457.24
3122,1229.95
5133,608.2049999999999
7844,159.0
5262,1678.465
7879,1810.75
5415,806.5699999999999
4586,702.8
371,1071.13
1967,439.435
5723,1044.9
6973,1899.95
3764,1042.0
3745,975.0
2401,1832.0
4367,1005.8149999999999
5224,1428.99
7278,2876.87
3835,927.805
5560,1804.055
5578,762.25
5611,973.71
1184,605.735
7700,2065.45
1435,1236.595
7370,2159.95
7111,519.9
5318,798.0699999999999
884,1981.6149999999998
2329,3450.12
2700,1935.89
7000,1280.9
849,2479.175
585,1294.2350000000001
204,8144.255
1660,793.5550000000001
2043,1818.99
3330,2659.0
5005,1017.52
915,502.06
635,1042.135
5738,299.0
5196,17609.9
2003,766.5
162,1306.495
5522,1387.475
7253,1516.59
5154,1383.99
4822,410.92499999999995
885,1071.21
1445,1349.0
4752,470.115
6806,1244.4850000000001
5061,1075.3899999999999
5151,1570.555
2913,1649.0
1890,778.355
2716,1835.61
3469,1074.555
7409,1719.95
7726,1322.9
5565,726.9
4842,599.87
3412,999.0
6609,1749.9
6082,1419.9
6636,795.65
2125,1629.0
2032,549.0
5501,2545.04
550,477.23
1467,724.995
5605,976.46
2665,969.19
1929,1722.04
6368,2149.9
2814,2918.995
1914,751.105
7793,1399.95
2126,499.0
7030,1949.95
7252,2080.93
844,1838.4450000000002
3561,2209.58
4806,299.56
6428,1392.99
2200,863.665
7202,609.95
6880,800.08
399,1199.0
2039,2159.9300000000003
7746,1229.95
1296,924.3
5703,2249.9
7920,2261.01
4363,726.7650000000001
1862,455.525
1031,1367.425
1339,1105.96
5023,797.19
477,1580.8400000000001
2867,1136.08
8028,1029.95
1670,947.01
7488,3682.99
6990,1029.55
2579,966.0
1219,414.175
5263,858.225
7624,1199.95
6218,1223.91
5108,1229.9
877,1946.045
3031,1491.24
544,3078.2650000000003
1145,1416.905
7812,719.95
6374,2289.9
3476,769.43
5815,894.95
3019,912.25
4262,586.1949999999999
3336,859.94
5257,798.71
7960,1834.95
2636,1380.57
2870,915.23
6270,1849.95
7001,1974.95
5568,669.51
3678,1549.0
6940,2368.69
5299,365.03
7371,779.95
2686,3347.95
6474,2109.28
6245,629.0
1093,356.59000000000003
4390,1007.34
2114,1754.995
2501,1626.815
2052,1342.23
7207,1599.95
6210,2024.06
226,920.715
1024,1623.385
1958,999.0
5707,1846.48
1417,1299.095
2208,3359.495
704,769.9
1137,444.475
3998,1098.72
1797,940.8700000000001
5169,1229.9
2690,928.66
3580,1256.39
1050,1583.74
2286,1464.33
7291,2451.24
8045,1659.9
313,2028.06
2706,1099.0
2312,2201.0
5796,1004.95
2598,462.31
2188,618.0
3206,1109.95
6717,699.0
4074,906.49
1442,1702.565
7440,339.1
2571,679.14
5475,842.93
5851,499.0
5978,993.99
450,971.905
5111,1042.47
1297,1058.995
3824,2140.0
362,849.01
6512,2719.9
6441,349.57
2510,697.78
22,1980.835
2095,2199.23
1672,1550.99
709,431.69
5853,185.48
2800,944.49
1389,552.185
6570,1880.29
2518,952.27
3853,2111.0
2358,3150.9849999999997
462,394.0
4290,778.015
4189,1709.53
1505,648.495
3772,1082.46
282,951.345
4666,1523.585
4415,1088.145
4974,669.0
3629,1899.0
5686,299.0
2634,1149.0
1381,424.365
7283,1286.2
6320,999.95
601,883.7
4458,189.0
6566,1264.14
4867,353.58
8002,1874.95
7600,959.95
5279,425.0
3558,820.99
8055,2345.5
3047,1111.41
7185,1559.95
7907,3280.99
2595,1946.0
6010,1465.46
6515,1548.98
4173,589.0
4095,1663.9
7789,1214.95
690,2687.87
5167,969.37
3320,8990.26
6256,162.89499999999998
4190,424.73
2894,2099.0
3792,2586.01
5050,100.06
7082,1689.9
4147,299.485
2259,260.1
5900,1914.9
2352,3409.45
4987,1583.5
524,2162.745
525,1429.08
6311,1719.95
6506,655.99
6503,1013.99
6100,4362.155000000001
787,7376.36
6322,498.99
5690,1077.9
655,1152.615
6030,1041.74
2225,1149.77
370,949.0
6974,1151.62
4321,526.66
378,1609.99
5687,1474.33
2245,1047.565
6154,1554.8
1632,1943.5500000000002
7246,1089.0
3725,3571.99
972,1047.305
7268,1769.95
7571,949.95
6160,6718.72
5483,224.45
360,1263.495
3939,791.0
5414,1120.11
1259,1023.72
7581,1124.95
3789,2095.0
6824,819.0
2619,2043.37
3511,1674.0
2066,371.54999999999995
779,804.495
7416,914.95
3654,1799.21
7633,1369.95
7378,1184.95
5357,1848.1399999999999
4639,813.46
1693,1931.0949999999998
366,1159.0
6722,1809.04
5240,403.445
4434,1229.0
147,633.785
7100,1879.9
3154,1193.09
6376,1988.99
408,1088.19
7451,359.99
3546,1542.88
4289,469.99
3668,2338.7
3348,1606.75
5049,742.255
1044,858.975
8058,1199.9
864,1252.7399999999998
4032,1505.29
78,2930.755
2276,3186.34
5989,3008.4700000000003
7372,1399.95
7420,1939.95
6254,959.0
5564,764.6300000000001
796,383.99
2310,2061.59
4202,2585.5649999999996
4000,1142.34
5275,701.22
6713,662.78
3724,1209.14
6053,368.065
426,1201.72
393,2396.7650000000003
6036,1102.49
7614,949.95
4307,1124.435
2729,1801.4
7383,1199.95
5468,610.78
3584,6479.7
1477,4152.719999999999
6134,3059.845
6059,1312.21
5367,1652.27
3934,1140.73
7059,1489.9
6257,5367.31
7676,846.65
4833,1895.845
6273,792.13
2392,583.99
7964,1359.95
2489,646.175
5473,758.52
8063,2543.0
6287,673.35
466,707.815
163,1993.93
6993,614.39
7232,999.95
7728,909.95
7993,1099.95
2038,731.73
3147,729.0
910,534.975
6326,5888.36
4946,1315.5
2324,893.095
4588,1827.6499999999999
4714,4926.91
3811,925.89
6707,1764.99
1783,1250.06
1568,959.29
3088,718.37
6104,320.69
2073,3901.075
774,549.0
1527,5510.415
7834,249.99
4624,970.98
4326,398.70500000000004
6716,1499.0
5644,1866.73
3370,1621.54
827,1730.8
1416,2305.96
1395,2494.17
2177,989.005
1657,3750.8949999999995
7754,1169.95
400,1754.4899999999998
892,4299.0
3657,2758.0
7215,2039.95
1192,883.3299999999999
4351,447.175
5521,2379.77
2159,1870.745
5188,1589.9
458,791.1
6966,1081.36
1979,5517.53
694,753.595
6386,1960.99
7787,1089.95
1982,1259.08
2767,673.99
6467,423.5
6003,1812.55
4456,449.0
7013,804.95
1913,1271.8200000000002
7638,679.9
7140,1399.95
2545,1762.7849999999999
3095,433.0
3695,2732.895
854,3903.7299999999996
545,1910.3500000000001
3820,1890.0
4294,1034.0
3773,1449.65
6453,1086.8
6610,1728.99
5556,319.57
3021,1517.74
2580,579.245
1061,2705.835
1989,899.0
2581,2135.7200000000003
5953,1073.9
237,812.96
5026,1600.3200000000002
1146,519.0
6685,456.46
4366,1289.525
5976,1624.27
6651,444.41
6233,1399.99
3035,798.47
6398,1965.99
6495,2329.9
6918,734.95
6027,1445.13
4023,1299.6
3207,2126.42
7206,1044.95
4180,1087.73
6943,2312.48
3305,1400.0
1850,798.22
597,1473.9
2782,791.7950000000001
4244,700.0
564,567.6899999999999
6333,1017.0
7891,851.9
243,1131.2150000000001
4544,2251.085
5607,780.69
406,1614.075
1458,1064.8400000000001
261,2348.585
5424,2623.1
7363,665.95
1708,1809.325
1744,4201.705
5039,995.5
2547,1749.07
5819,1369.95
341,591.09
5643,189.99
1620,1981.995
4685,138.6
3821,2256.69
7981,1764.95
2842,530.02
1542,1565.9650000000001
6025,2695.0
7171,1339.95
7476,754.9
6987,948.4
6535,1570.22
1785,687.63
7953,563.95
4144,2063.77
5844,469.9
6387,2439.9
6552,1549.9
7546,1414.95
364,227.745
7973,676.95
7264,783.26
4834,576.75
4550,643.45
6442,979.98
7452,4680.47
2614,3756.41
5657,828.925
7399,899.95
7490,1507.9
3146,1195.1
7435,1583.4299999999998
2131,635.0
636,715.735
2544,1158.615
2722,650.28
7361,1349.95
4513,1322.4
5942,143.9
5743,1895.0
2367,4466.955
6199,833.21
3712,1174.0
3986,902.76
5494,1795.0
4318,1812.87
1513,2420.52
2443,4170.6
3976,2262.59
1245,861.78
2718,1846.99
2874,4912.79
5526,638.05
7375,1779.95
7778,506.95
6417,1849.9
4260,673.6700000000001
6026,1851.2
3121,1761.34
6909,1623.14
7974,1189.95
1754,511.78
2880,1983.35
6166,1519.56
5552,623.615
2525,3510.86
2616,1681.69
8034,375.99
6807,1790.0
6409,2489.9
714,4299.0
3106,613.495
6897,1515.99
5301,1019.41
6172,626.86
72,4737.68
4555,874.8050000000001
4948,834.99
7549,1124.95
5211,1172.99
1203,1612.875
2656,2802.33
1138,1000.275
1254,924.3
7235,1232.16
6667,648.14
6067,3258.79
3433,1585.2
5204,674.99
4115,251.28500000000003
1596,1208.3200000000002
4009,2328.26
3826,1917.43
4465,259.9
1356,451.015
8041,398.3
6149,1029.95
442,700.04
1113,699.0
2693,952.08
5709,1429.95
653,1621.38
1565,676.99
6151,289.0
6171,666.29
2909,2864.95
3595,795.0
7139,749.95
634,1732.95
4877,639.775
1262,1932.0
5539,752.965
484,377.01
1603,2004.3049999999998
4785,831.0550000000001
1480,874.405
3099,1284.0
5120,861.52
6221,2097.99
3350,2377.86
3777,1555.0
4252,179.0
5708,1021.9
5064,659.9
3301,1777.0
1085,1821.58
4924,459.9
2687,4074.085
1679,1037.775
2470,1705.575
5189,1642.63
6814,3650.26
6146,694.11
3164,1979.74
4083,499.99
7229,2159.95
7656,409.99
5756,568.9
7715,2068.39
5403,4175.26
1421,299.0
1872,510.5
1818,727.8
4064,1256.21
1494,589.735
5861,224.99
35,1628.415
6153,533.99
446,668.61
2399,1078.62
3747,667.99
6827,690.39
3253,2363.31
1299,2068.6800000000003
5998,766.0
4552,797.4300000000001
3503,2824.46
2166,2093.4049999999997
2692,2628.1
4123,1558.215
7788,1664.95
1700,2782.26
5886,523.29
5387,1942.73
1711,669.145
7783,799.95
6437,2599.0
3728,479.0
373,463.37
6213,3007.58
4991,482.11
7641,1024.0
140,1616.875
4993,623.4549999999999
4526,826.08
7518,1184.95
6642,379.0
721,1429.915
5355,764.7850000000001
3263,1074.99
7456,1149.0
4538,429.335
5669,929.6600000000001
407,1201.295
20,1723.83
1015,1168.625
5096,2680.99
2454,1879.76
2596,499.0
6063,711.66
2431,649.0
7635,3220.01
42,1652.9049999999997
2887,1554.0
3455,3957.12
3081,466.0
3448,456.32
4506,1098.675
5364,2006.42
11,671.28
4869,1665.54
1190,648.53
1976,1779.0
2552,1099.0
2920,983.4
3967,883.0
1038,1466.8
3948,2500.42
3046,2337.39
971,2649.32
2946,1242.73
3074,1910.63
3420,2438.49
5722,815.14
742,1386.45
4507,834.02
1455,909.71
2932,1928.55
4093,920.065
926,1348.7150000000001
6745,915.78
6308,1362.99
4196,658.7149999999999
7454,548.9
6317,579.99
2829,2039.14
1643,618.2
6408,2723.99
829,1148.95
1380,2311.7
3807,385.09
7840,655.53
7256,499.99
859,1596.965
1010,1460.01
6015,2415.65
4221,698.4649999999999
1656,433.725
1686,783.9300000000001
4698,628.75
3247,418.5
6797,4036.13
1360,2482.69
6314,990.0
3306,2133.43
5701,403.99
6215,1172.1
4892,4165.53
6319,1132.64
3308,694.92
7714,849.9
710,729.0
5215,1779.99
6443,997.0
3369,5190.0
3767,468.3
2451,740.935
7444,289.9
1340,3109.635
7511,3061.99
5518,558.79
6626,1434.99
5018,3066.71
4547,867.7750000000001
6755,456.76
996,1518.97
6419,2809.9
7327,1472.68
6951,943.42
6692,4459.98
4156,1927.4700000000003
3576,1999.99
2524,638.99
5350,631.84
3975,514.99
1211,558.995
4288,625.505
1537,666.64
6705,1022.895
5589,2400.16
1819,7172.01
1025,1489.0
128,2856.635
1377,1712.4
6222,1376.67
4577,744.015
901,552.835
2850,512.62
6788,1099.0
5567,1138.365
4510,577.69
7680,899.95
5525,955.5
6934,1336.92
3326,2469.87
6861,423.99
1221,3606.5
3970,2595.0
7249,269.0
4172,482.06499999999994
6916,661.41
6137,833.21
1252,1423.345
2320,1809.98
2797,1769.51
275,2265.215
4694,984.1700000000001
1048,1861.83
1242,3740.49
1019,1071.5149999999999
6589,383.26
5290,1389.6100000000001
3927,638.62
2583,862.5
4400,8474.29
1071,829.09
6007,2012.88
281,1319.51
1056,3340.71
1329,1368.6799999999998
978,681.715
2421,2082.75
6449,1219.9
1968,1687.7
5812,770.9
1287,3581.295
623,4399.0
6839,1165.38
1761,1685.355
1403,702.28
6582,3559.9
1598,2701.88
1674,892.77
3660,5679.71
2387,899.0
2241,1399.0
8013,624.95
3252,2152.4
3267,1832.0
1320,1391.315
579,2171.35
2400,1529.0
1293,3419.71
6576,2359.9
5067,1129.0
6688,4210.99
2022,440.34000000000003
2695,521.99
269,784.04
633,1100.045
5996,4855.52
3143,1139.59
3556,6117.54
7057,999.0
4503,1005.4300000000001
4130,919.0
7643,590.0
5656,635.28
5681,1222.0
2075,568.615
4463,649.9
6528,2424.19
2142,2999.95
27,1265.855
2069,2421.4700000000003
4034,481.0
7301,1329.95
3292,468.99
7519,2469.9
3913,2295.89
129,674.965
6000,429.0
7914,1719.95
4708,960.49
13,2008.0549999999998
7339,1046.38
4583,503.565
1544,1386.395
2405,1846.21
4757,293.385
3112,904.99
4112,838.42
2374,1439.99
375,566.995
5898,449.0
6947,1454.97
949,1329.935
7719,964.95
4682,582.165
2176,1350.3600000000001
3683,830.0
6389,3519.9
7331,1417.98
6798,1349.0
3716,2821.17
532,2540.06
3809,2399.0
6318,5046.43
4841,1930.08
1282,920.7249999999999
4388,2391.635
1407,1200.54
4959,878.025
4116,2098.385
4497,463.99
1817,759.1949999999999
3036,1799.0
1456,999.0
6052,881.99
7852,1481.54
3910,2695.0
5746,1509.9
1286,2068.54
4812,420.57000000000005
1731,970.995
965,2164.13
7407,814.95
6459,743.2
7146,2434.95
7411,1549.95
404,501.93
2100,2413.995
7822,999.95
2006,669.675
158,1115.335
3991,1272.92
5563,1069.0
912,907.015
353,1160.85
5438,911.0
4648,479.0
4237,615.4399999999999
761,569.975
3028,551.835
8023,2074.95
2977,1431.4
311,1499.0
4753,464.1
665,1634.185
2018,498.89
3759,611.51
306,2317.775
2368,499.0
4899,793.0
2394,1081.52
3797,1269.61
3903,1607.955
1956,1618.54
7087,1542.9
3515,830.31
756,1528.6149999999998
3731,659.0
5889,2739.94
1279,4361.825
5961,1465.1
6143,2688.04
7143,1749.95
3687,411.33
2163,2116.4
5176,995.99
4216,384.675
5079,483.81
5013,699.0
517,1336.62
7222,1414.95
410,1142.255
6038,926.0
8030,2399.95
7969,1499.95
7003,594.95
207,1331.01
6577,2238.62
460,2135.91
2083,1092.5
2476,1823.77
250,969.5799999999999
6903,1141.915
5549,927.865
1120,703.0
6559,2873.99
1732,1680.62
4014,1293.61
6509,1680.09
722,2501.07
556,6702.58
1454,2499.0
2301,1484.955
3213,8519.57
7699,2690.99
1954,744.14
638,964.49
316,1379.0
7578,969.95
5536,1380.94
429,2647.925
7916,2492.27
105,1450.53
3100,839.0
4345,1549.01
2198,1174.5749999999998
1728,832.775
89,2748.245
2270,1832.0
3248,2110.72
6041,779.95
1978,990.495
4151,759.0
2905,2002.1
1,1971.335
4444,1340.71
945,839.0
6922,1021.17
2777,774.645
5317,869.725
6195,1010.34
595,1519.1599999999999
7774,859.95
6073,779.95
2993,627.88
2496,3121.05
1595,1803.1999999999998
6507,3259.9
6750,1389.62
213,927.24
785,2270.21
6842,609.53
3587,2943.955
6344,635.28
2072,697.985
7323,1391.77
5532,1217.405
1586,753.1949999999999
165,1649.0
4811,1086.17
3658,1205.0
6192,4365.49
7668,1854.99
5551,1925.79
2042,1801.96
273,1302.655
3961,608.2
4274,1451.4850000000001
6450,853.63
3887,1142.99
5295,2461.17
395,2107.77
587,982.3199999999999
7930,3851.46
8036,1849.9
7481,2035.4899999999998
6643,379.0
7712,1765.34
6541,1426.99
523,899.4649999999999
1782,427.315
1904,3048.86
5467,1813.975
4072,721.95
3426,861.49
2283,1345.845
3300,422.37
529,1110.16
3003,1979.0
4580,1182.62
4002,870.57
5770,972.32
698,1099.0
7623,1774.95
4551,1639.895
3726,467.58
5921,1739.83
1063,1715.705
594,549.0
522,499.0
3464,1545.8
3770,8507.47
5891,3591.08
6660,2259.5950000000003
5291,608.885
1626,965.605
3702,1162.46
7694,2074.71
8060,1129.99
1832,1347.08
799,484.0
800,1797.96
6648,189.99
1883,1589.21
2009,1102.75
3309,534.0
3690,813.49
943,1001.315
4070,2200.86
6017,2876.87
5741,859.0
5618,1144.03
7491,1184.95
4286,260.495
4133,931.62
7156,994.95
4223,2889.38
998,477.23
6237,1288.99
3543,1272.98
7374,1524.95
3877,1407.24
5773,1564.95
6784,2544.5249999999996
3160,1167.97
3225,4817.06
5179,5318.555
5922,1034.18
3277,2294.63
6526,1903.99
1111,581.4
6715,1871.19
2901,581.565
896,811.5550000000001
7954,671.95
6271,1278.99
518,899.01
7447,2058.1
4942,2278.87
1471,447.645
3645,500.5
3701,1400.67
4774,446.18499999999995
2557,2016.05
3052,405.0
4106,866.6949999999999
7645,1304.49
916,914.42
28,2916.13
6937,1330.9
2558,1514.385
2473,1764.12
5153,1079.9
5458,338.44
769,593.9200000000001
3846,1470.0
4920,1726.58
284,1062.025
691,2170.42
7460,1872.32
2389,1336.62
6505,763.99
6946,620.54
21,963.51
2809,2518.99
895,1734.175
927,553.1
1053,1300.2150000000001
7722,694.95
1278,2116.965
4688,766.9449999999999
6997,1384.95
7506,189.71
277,1271.145
5194,3309.9
2113,665.35
1258,1023.495
2422,1699.0
575,376.815
1450,980.71
4005,1654.62
5199,612.99
1260,1276.665
6070,1823.32
4790,231.0
3618,1171.63
2565,2242.5299999999997
5557,5793.98
1018,2270.87
4879,1912.6599999999999
4651,1436.895
7236,548.715
7962,1799.95
2093,3795.75
5464,452.1
6383,3159.9
1709,984.555
6977,2188.21
7334,2930.99
5455,765.485
2014,5397.8
294,335.11
1566,1276.355
2041,1959.99
592,1174.9299999999998
3410,2777.37
2445,848.28
2158,1428.0
4105,772.995
7077,3116.99
3839,637.26
3600,1485.045
2776,1341.44
4628,1591.7800000000002
5261,535.06
7354,1899.95
7362,1559.95
560,469.825
4904,656.1500000000001
2519,1355.135
3836,4299.0
4393,792.97
7218,1164.95
5401,833.21
1735,1258.425
2659,3646.29
7289,1729.9
1723,2086.23
2168,739.99
3315,1180.45
2423,3103.9849999999997
4418,388.955
1298,1181.385
6884,3916.94
6410,1347.15
7217,1449.95
4036,846.3299999999999
6102,464.9
6122,383.5
1610,401.395
7579,894.95
7502,928.9
2191,665.13
2438,930.585
317,495.22
7248,2403.0
3178,1399.95
5345,553.595
6457,693.94
7825,869.95
4143,815.8
803,908.815
3079,995.4
1730,944.175
3473,1139.43
36,318.765
4657,530.9200000000001
923,1229.245
5836,1774.97
5407,1928.99
4079,1121.925
5482,987.7749999999999
4240,512.94
984,2347.495
993,1196.915
6601,2959.9
1431,2571.21
1579,1460.42
4242,1338.49
5696,179.0
6445,441.1
4372,594.985
1368,1803.1999999999998
7555,1739.95
7648,955.54
997,1214.005
2739,936.17
5157,3209.9
1659,1209.49
1303,1284.6
3775,1999.0
1393,2310.09
1962,696.495
4784,789.375
6802,661.02
3232,4074.23
2059,1197.56
902,914.42
4985,365.83
4176,849.0
4362,496.57500000000005
2,3331.8450000000003
2138,668.995
858,1253.6599999999999
2794,2679.91
2516,1888.0
1943,2005.4
1615,1433.005
5988,652.99
1942,691.905
5250,398.845
7597,834.95
5755,3229.9
2793,2744.47
733,1255.4299999999998
53,2948.675
1816,1800.0
3945,1629.0
6124,1433.25
2604,703.07
2857,1478.79
946,710.06
6664,1152.61
832,1690.545
4428,371.015
3487,824.99
1402,460.095
3656,1058.54
894,637.3299999999999
5541,2934.59
5818,1643.8
5805,1099.95
4976,690.4749999999999
1897,892.9100000000001
5293,614.49
10,799.49
3502,628.35
5533,817.69
1481,731.4449999999999
814,471.0
6838,723.355
6356,1689.9
4175,1084.99
2137,899.01
6823,1463.99
7992,1114.95
2263,1137.16
973,1079.315
4601,908.8800000000001
2688,845.0
6211,5192.07
711,3040.47
433,1407.4450000000002
4495,2000.2
6194,1595.0
145,503.80999999999995
2062,2965.95
6785,2761.34
1178,1272.55
3592,1643.8
2079,779.3299999999999
3859,4019.25
2680,2056.49
4591,495.425
4542,1138.56
6588,2469.9
6697,668.81
4468,1203.4850000000001
2469,1719.8
1275,1022.475
1790,2124.425
3603,3791.81
271,1451.825
4901,1162.045
8027,1144.95
244,949.0
7817,884.95
4681,903.13
2061,4832.21
7439,1988.62
7015,1539.95
821,464.195
6127,3477.29
3909,2178.29
7808,2299.95
7998,1069.95
6565,1379.88
1827,2039.6750000000002
6868,792.0
4453,1080.1799999999998
2511,846.1
548,1313.495
3317,1699.0
745,350.89
310,948.79
3613,3499.99
1144,559.0
5658,195.0
7937,2334.95
4218,590.81
2826,3825.92
930,1105.65
6774,1330.39
3679,2401.77
4066,1615.71
38,798.495
4566,751.775
4385,514.6800000000001
3040,206.5
5402,6056.75
8044,1556.12
5329,1706.1
2724,432.37
3299,387.41
1195,990.495
7328,827.9
618,1684.63
7915,895.9
1485,1728.32
4604,1090.67
3101,795.815
944,2862.595
2463,2129.0
5195,715.99
7288,5212.51
6553,1026.97
4931,621.105
834,4726.27
1540,389.0
2987,966.3249999999999
4339,1300.24
632,649.0
4537,764.51
3953,3667.99
391,855.995
4452,163.555
7854,745.2
6029,1244.71
4097,848.4300000000001
401,379.0
4915,898.855
5246,3453.05
6534,731.11
3442,1155.83
46,3316.62
5772,557.9
7733,1879.72
7942,1934.95
3735,2238.6
3823,1615.99
7389,1579.95
5320,780.865
5431,966.46
7821,999.95
2465,1970.8049999999998
5718,739.9
1769,1069.18
7791,984.95
6620,2259.99
4169,1359.0
7631,501.95
339,1396.77
215,2279.74
3757,1610.0
1354,1347.76
7382,609.95
7802,1299.95
3997,659.59
3733,328.76
329,940.74
7046,298.32
3063,1029.99
7701,674.95
3182,938.06
7794,959.95
2354,1061.885
4304,4165.53
3641,525.45
1476,932.05
171,805.995
4310,736.275
6771,1400.37
3661,940.76
4333,1194.52
5269,3917.885
6595,2679.9
6304,3069.9
7695,842.535
948,4999.84
60,1351.18
1253,1886.955
5875,12761.2
5247,317.03
7866,497.0
2149,3274.07
1543,593.5450000000001
153,1514.0
483,483.0
6239,599.0
4567,838.8
4024,1093.26
1781,763.01
757,437.495
1804,2407.04
6721,629.4
6331,399.0
4608,842.43
4962,800.505
2768,758.12
6770,4007.14
4300,671.005
1346,1853.8449999999998
7190,1384.95
2911,681.48
186,631.335
1149,751.8
2087,1419.59
6779,1821.87
7151,1999.95
148,1179.0
4231,765.71
4998,608.2
6548,742.81
3446,2531.91
4897,999.9
2923,1584.2
3875,5870.29
1399,1550.915
6058,294.9
7620,522.95
6686,2711.59
5810,1872.32
3722,2260.0
7266,232.76
4906,829.985
3087,2411.29
3026,2745.78
7028,645.95
1727,1763.885
3010,1120.1799999999998
456,524.505
6253,399.99
6760,2741.83
613,899.85
4370,1128.975
4935,1318.5
6854,1984.95
2103,1627.5700000000002
4159,3045.47
6572,3009.9
1641,911.075
4792,1381.46
5609,1082.085
5911,1153.9
7080,888.0
40,467.84499999999997
5587,1072.65
2118,645.03
4029,759.78
2204,240.215
74,1111.4450000000002
6470,1009.0
7951,749.95
2714,1354.065
3255,972.32
2105,2349.0
443,884.745
2080,599.0
2592,275.98
1314,1550.99
7422,1099.95
3518,3965.71
1317,2325.265
236,930.13
6738,694.56
2654,3341.7749999999996
4725,811.995
2625,1587.8049999999998
3357,626.7
3261,1999.0
4060,522.015
2825,1799.99
4940,809.095
4330,826.885
2135,1395.0
2736,1458.38
2818,1756.8049999999998
4797,375.11
5511,1265.99
1400,2606.45
7573,824.95
7308,2089.9
6501,2699.9
6955,2302.53
7777,979.95
5110,2096.9300000000003
5969,712.7
1292,1930.455
7208,884.95
7899,1589.9
1574,2365.99
7303,3521.99
3265,653.82
4675,1023.27
4911,1052.5
7568,614.95
4950,668.9749999999999
3686,3295.57
6152,777.0
1949,1579.0
516,729.0
4284,926.735
1321,1959.875
5782,579.0
924,4180.925
3542,322.56
3790,556.97
4349,1214.0149999999999
3227,635.27
2227,263.135
781,2551.48
4532,2083.77
6267,795.0
6214,1294.62
953,1859.495
830,2869.745
5115,809.9
4384,561.175
164,1397.795
5734,1029.9
4655,674.375
4090,201.44
2589,572.96
7689,3042.39
1324,365.89
5319,1059.0
7562,1249.95
5495,763.19
6740,1334.04
7486,1639.9
3380,2744.41
3391,1367.99
327,968.495
6002,888.0
2540,1913.395
7589,1759.95
6220,619.0
6071,829.0
7559,999.95
4515,260.995
840,998.515
3141,3153.2
3552,2241.2
5409,1198.245
8037,1252.9
54,4335.83
6349,2549.9
4171,1759.025
3541,2781.49
6424,784.99
1930,482.85
1500,2503.03
4982,454.615
5004,874.0
4257,395.0
3417,1636.62
6133,664.99
5035,891.965
956,1537.77
5912,2614.95
3372,5679.71
2190,4158.345
7804,1489.95
5193,1017.99
6847,210.9
3117,2301.08
5602,855.235
775,1836.2599999999998
7584,1199.95
3586,1676.36
285,892.8050000000001
7965,774.95
4632,860.095
7184,1919.95
2365,2099.0
2774,1761.6799999999998
2108,1854.0
3475,396.71
729,724.1949999999999
961,558.035
7044,1739.73
2293,5990.18
999,1880.73
3288,703.13
1778,1204.0
6635,757.94
4529,354.97
5591,4914.56
1743,1471.06
5294,374.655
342,1499.0
3796,1607.53
4350,1697.0
693,989.1700000000001
3520,638.19
5315,630.0
5053,278.11
976,2440.935
7615,1749.95
7300,1295.0
2232,2161.4399999999996
2770,3690.77
4866,1832.3049999999998
5208,629.99
7118,1549.95
7384,1424.95
7121,749.95
5392,3198.88
6092,499.0
3664,5713.4
4914,719.9
5411,2652.76
2019,516.88
4227,747.655
4868,219.21
6932,1516.9
5410,1436.2
7062,2536.46
5081,652.95
7642,269.9
5144,1165.99
3692,6852.2
7367,1999.95
8024,1534.95
6661,566.62
386,1586.23
7052,299.0
7369,2459.95
539,486.995
6510,761.34
7782,1709.95
5142,745.2
4319,542.405
6579,2019.9
3599,1895.0
201,2764.35
1345,557.815
3594,3242.7749999999996
2765,499.0
6147,1282.99
5141,668.0
4771,1423.35
4128,1048.9
1882,927.395
7219,522.95
2929,2648.91
3089,2057.84
1218,1915.5
1664,1387.69
3505,955.0
3566,1985.0
6803,2309.13
2918,3622.48
1812,1240.0
5638,1282.99
3896,4158.62
3452,1290.0
3451,1189.99
3625,4248.0
7088,1639.9
5219,1617.99
6141,1124.95
3539,1875.0
607,3281.2
3116,2734.99
7034,209.99
126,1280.875
7908,2207.15
3978,3913.73
2992,559.99
5555,2472.48
4558,633.8499999999999
3623,1538.0
2787,1610.65
835,221.05
1658,1010.315
994,2188.175
3358,618.0
8012,1824.95
2217,509.0
7434,1889.9
2490,4056.4849999999997
363,567.38
2384,1310.295
346,1599.0
822,1462.3200000000002
6284,210.0
4916,667.7950000000001
3281,2169.0
7242,442.8
7727,2918.76
6078,3895.87
3406,2630.68
4213,1162.855
7226,1074.95
2145,661.92
1859,7116.344999999999
801,288.65
7975,1064.95
2731,1728.62
94,352.605
4332,464.115
3855,640.0
2948,1909.0
2411,1166.99
6970,949.95
6693,578.23
7160,1099.95
3304,4843.45
6275,1110.795
6482,1396.99
6113,2228.99
6904,1727.99
7199,2029.95
6145,2180.43
2910,649.0
7469,1027.26
2969,1946.01
1894,509.44
5869,2199.9
4721,460.15
1886,847.27
2702,501.0
2272,596.55
5485,690.76
2370,1447.105
960,1136.185
3128,732.07
1133,2847.97
2652,3995.79
2233,1350.0
421,698.86
932,819.4449999999999
1267,1800.025
479,1697.975
2064,1802.7150000000001
7428,1684.95
5903,3643.54
5857,219.95
5680,436.99
1215,505.74
6659,468.75
2682,2437.89
5880,967.25
7760,1209.95
1999,749.0
3177,230.4
4125,799.0
2180,333.675
3782,1667.06
5025,913.0250000000001
2026,2257.5699999999997
4140,370.095
7903,700.17
3114,1783.775
1261,2828.715
2221,1249.01
2769,852.625
1002,2373.165
2219,707.255
4779,1133.895
5253,1301.395
6101,189.0
6691,678.04
3861,413.55
3689,1466.0
4820,393.75
1331,1777.395
1892,6424.855
2377,6245.26
2497,1047.1
2165,1484.955
1078,472.905
5984,888.0
7996,1574.95
4334,2034.4899999999998
2676,799.0
77,1699.205
2955,1854.93
6265,758.0
4929,512.615
1327,802.405
6064,397.86
7956,1154.95
7055,162.89499999999998
882,1655.21
3950,2072.44
5580,875.73
6068,603.98
8025,899.95
3022,3082.68
3477,3700.8050000000003
5527,3969.77
2612,370.595
7894,1079.9
2691,1582.185
5368,5763.69
3622,2320.53
376,1307.63
1937,879.0
4536,755.0450000000001
7947,1099.95
7065,1331.9
4134,474.0
6584,1894.99
1623,1849.99
1131,1971.0499999999997
3771,913.63
3581,849.76
7837,2926.4
6156,959.95
3015,734.81
2023,287.63
7991,1419.95
7145,1569.95
2416,3565.71
7390,1759.95
1355,1319.565
320,519.255
1638,2098.075
3808,1352.88
7387,2099.95
2089,1055.72
2248,613.75
1692,535.215
6155,424.99
260,745.39
7133,989.95
2068,2696.45
4894,637.535
911,633.375
3843,869.0
6525,1245.94
2055,984.0
4341,981.85
1946,2780.61
1852,471.52
1592,1905.345
4522,586.325
4858,819.0
6352,724.9
7089,1559.95
4763,772.755
6402,2007.99
4315,581.175
4736,621.97
224,976.835
730,832.69
7243,1322.9
1154,2325.08
5641,1479.0
6592,2332.99
5879,349.0
7201,2309.95
5667,359.0
7650,2099.0
2819,2301.24
855,462.63
4396,5705.695000000001
5673,183.5
6845,2128.2
5152,1142.99
6234,374.0
2602,1107.46
5840,763.275
2985,1749.0
117,1117.495
649,907.855
6083,119.0
3,839.355
4277,179.99
5967,851.9
469,783.94
5,1057.725
5454,452.68
929,595.1700000000001
2650,1845.65
4431,1052.43
1076,1063.76
2644,1337.99
242,1774.54
7035,283.86
1173,1037.1100000000001
2927,675.0
3833,2085.1
7381,1814.95
2439,5005.82
3609,3228.97
3509,9237.4
2615,13158.52
5737,2099.95
1624,2301.0
7773,969.95
2357,730.51
2766,2464.3
7097,1941.18
1325,1859.045
3537,689.0
3911,988.88
6202,2047.5
7504,1119.9
2402,381.70000000000005
2004,2229.98
3606,365.7
1780,1265.5900000000001
5513,578.025
2796,2650.0
5752,2752.515
7514,1619.95
2522,966.4449999999999
6866,1138.11
4114,477.01
4827,408.375
6296,919.0
1512,599.0
4313,574.89
6494,2016.99
2187,439.625
1182,663.625
7294,603.0
232,1252.135
66,1185.365
1622,868.4449999999999
6286,831.99
3360,699.0
3688,3662.12
6407,2149.9
4741,863.1
125,626.4300000000001
6348,1251.99
5462,1035.93
1309,865.69
2005,2553.425
7295,2149.95
7237,1026.32
2104,2855.2
4689,305.515
5865,866.2
7616,2124.95
3150,666.06
7048,1919.0
3427,789.9
7212,1934.95
5986,1014.0
6629,1067.99
2854,2509.795
928,593.5
1665,1055.925
5232,5500.225
5237,589.0
5088,1855.64
5543,852.645
4730,1152.4850000000001
6938,961.61
365,1074.165
3364,695.88
2154,2799.0
4230,649.875
4678,1767.6100000000001
528,5730.3
4930,731.875
55,2237.975
642,634.215
302,2069.79
2823,3249.0
5927,4009.59
1289,2154.055
7557,542.95
4829,1343.85
2084,2009.7649999999999
5488,1054.44
5256,516.5
4539,2219.6549999999997
3737,1700.0
4250,223.65
2935,1004.69
4309,318.315
6616,1498.99
5287,236.95999999999998
2317,900.1949999999999
2292,620.15
5352,1425.99
7186,2034.95
2328,1072.895
6048,1099.0
1772,3644.2
5309,1820.75
1997,498.025
7021,859.95
3184,9933.45
2434,5240.115
526,1394.0
6499,1554.21
6917,2187.87
5636,581.99
6805,816.1
4003,2848.3050000000003
7520,1182.99
4808,902.63
5699,119.0
7129,1579.95
3189,3958.3999999999996
6906,512.95
4263,711.53
1998,1345.7150000000001
675,1287.315
4295,416.135
670,1528.71
6998,939.88
1916,2712.665
3343,446.99
280,2232.37
1738,1887.86
3004,1476.99
4562,1501.8700000000001
909,1519.425
6148,605.55
7810,2299.95
6207,763.0
7078,716.99
767,392.755
6373,2103.99
1935,1066.1399999999999
4149,9149.875
3922,789.9
4245,818.8
3917,469.22
6388,2233.99
4407,1148.02
5682,1099.9
6315,834.0
2647,1731.99
4271,328.52
3090,763.06
6088,1795.13
3671,1799.0
2889,828.86
5561,1359.525
3562,2100.0
6447,1098.99
137,971.885
5001,580.62
2209,2342.08
2157,775.75
3251,6408.7
4963,4101.03
4746,698.525
5225,1382.99
7105,1379.9
4368,325.19
4451,764.9949999999999
1344,1959.9850000000001
2046,806.17
4650,545.6
2532,2321.0
1371,1817.73
6360,637.62
1342,484.635
7010,877.32
7940,1984.95
2179,1848.86
4638,498.72
2151,2685.0
4782,1221.28
4088,1466.6
1265,490.425
3355,605.0
3458,2927.17
2871,1233.335
4828,313.13
6669,2602.24
1875,2282.18
4967,361.15
3096,3940.2200000000003
389,1482.0
235,203.695
1090,896.96
2013,1529.8049999999998
4470,396.46500000000003
4069,709.0
777,1459.79
2194,1326.6950000000002
4641,610.765
677,1644.0
249,1849.0
6416,2136.99
1593,1080.2649999999999
6357,650.61
3507,719.0
2110,2022.85
1847,1164.96
7465,625.86
7710,1023.9
4652,349.65999999999997
5678,350.405
723,336.89
7203,1334.95
7531,1519.9
2077,1767.9099999999999
6114,279.0
6726,1567.99
5376,1241.2
4285,893.855
4918,832.53
2781,2573.98
7355,1584.95
1478,807.76
7045,9664.85
6106,824.27
1687,881.115
2813,1756.31
2029,3383.895
4680,786.165
4722,524.0
7499,3315.99
405,1237.615
385,1761.565
7250,2887.29
2181,501.1
1652,721.54
7394,563.95
5694,849.85
4893,447.505
7267,1779.09
7102,1551.82
4031,1705.06
5448,539.995
4265,642.975
5057,352.245
6014,1282.68
7319,1293.39
5470,1109.99
223,1234.0
2222,1401.5
3205,1099.0
4576,813.335
1848,670.9300000000001
7413,1034.95
5234,1890.37
5082,3121.99
805,946.6850000000001
2928,644.44
9,1304.335
6719,869.37
1973,1642.53
1864,504.39
4913,958.99
255,938.47
5828,786.69
4592,803.365
7276,179.71
1600,796.5
3013,2252.7799999999997
934,2221.6749999999997
7756,645.95
7157,1039.95
2559,651.99
6249,199.95
5134,1361.525
5432,1396.64
6773,5419.98
6159,1454.02
3874,1389.62
4944,981.095
4243,2549.99
5074,1565.725
2836,1449.0
542,1214.595
2802,2286.38
7759,1799.95
7373,1334.95
6948,885.46
5579,714.61
1158,363.495
5238,442.235
4575,1039.72
671,3445.0
3078,2727.86
358,449.99
5173,8139.9
2888,3983.06
2840,1526.4050000000002
1366,775.335
5242,1942.38
472,1098.99
2760,2993.27
3411,1736.59
3730,4317.53
1409,1205.01
3676,983.18
7244,1109.0
5374,3085.99
5760,1226.0
3460,4940.17
1269,1209.31
6309,769.0
3604,379.99
5766,1599.95
5893,668.8
1263,1095.79
5910,1232.0
5460,944.12
7745,1044.95
4405,3135.285
3361,299.44
2990,2640.01
4282,630.81
5380,788.765
5019,777.0
1880,1175.3899999999999
6435,1498.0
6944,3817.07
7548,1049.95
7843,209.95
2134,2876.5
133,1126.9450000000002
5348,823.6
5139,1159.9
938,2187.65
831,4666.295
7336,1949.95
1550,2297.565
1227,1445.13
506,495.99
4392,3617.505
6614,2482.99
2025,1748.9850000000001
6655,2363.31
3132,2206.01
1987,699.0
1397,994.75
904,650.99
5033,1099.92
457,780.0
6746,736.61
5894,3286.9
7474,724.31
3804,825.94
7445,1283.2649999999999
4958,1310.115
4857,1623.58
4375,7327.45
3614,554.5
4241,322.53
3694,744.145
7878,2309.49
720,1449.0
4293,1195.395
2243,1048.335
5413,1672.2
2980,2614.42
7316,914.9
1833,655.49
3577,1189.99
3210,3813.5950000000003
1851,1067.12
1168,334.805
1337,970.835
4419,873.885
512,1848.125
1699,1006.335
501,529.0
7322,2600.99
1885,657.46
1401,2193.215
5729,1337.34
3815,3499.0
2427,1318.77
5654,874.44
3312,3907.4
6290,2585.54
1559,949.45
1230,1168.625
2738,449.99
7882,2009.9
3050,1986.83
5624,1750.17
6432,2176.28
1204,2046.9650000000001
5887,1543.62
5405,2578.925
1561,942.91
3381,4234.47
3405,678.75
7188,1359.95
2590,2002.575
963,903.7950000000001
6859,3392.355
4955,5729.73
6930,671.95
4437,688.69
739,579.0
8052,2549.99
1169,2328.955
7473,1366.48
3373,774.69
6666,1746.71
3039,1417.67
5417,1030.775
5272,429.905
2185,1507.615
1075,1648.96
2671,2274.52
1180,3365.8500000000004
3298,2363.21
3729,1460.36
5702,699.0
2995,782.5
7223,645.95
4598,618.745
3209,1185.84
5090,853.8299999999999
143,834.465
7985,659.95
3669,948.22
5055,699.0
2839,1760.495
724,1823.99
1843,1799.0
2553,599.0
4467,1230.585
4278,1277.94
6714,624.99
396,2416.9300000000003
5846,1359.04
6440,459.98
7790,1199.95
4599,819.585
1378,1510.77
7357,1529.95
6116,391.0
599,2023.765
6324,671.85
4059,1139.0
5504,372.6
6033,430.6
5078,1141.0
2971,2438.86
7941,2499.95
2359,2415.815
5759,3536.3
3865,1651.04
3528,3749.0
3951,1194.8249999999998
4239,247.54
6935,2816.1
7400,1949.95
2172,494.435
7442,1642.5
5183,728.0799999999999
1590,2869.16
4186,530.06
1135,2561.6949999999997
2843,1643.585
6456,254.55
3024,877.31
2555,4345.625
6105,304.0
3555,1545.06
679,1069.375
2865,2482.52
7299,1641.9
3430,399.0
735,1499.45
414,3226.55
3216,160.0
1535,804.5699999999999
5860,266.9
833,1943.16
3344,1126.3200000000002
4081,1584.875
620,2677.99
114,1154.1
419,931.1
3129,3505.4
1644,1400.865
7245,673.35
6877,640.0
7980,814.95
4292,289.0
2953,2670.31
7534,1819.95
2111,524.185
760,586.065
2597,1244.36
4076,449.0
3457,343.67
5841,4981.2
4214,406.52
2492,3128.05
4487,1881.27
1079,2068.99
4017,1079.07
5399,827.1800000000001
5648,249.935
5499,1150.1
5847,1884.9
3589,1577.32
2795,2389.11
5162,3127.6
4107,412.495
1587,1022.11
2472,438.36
3845,707.99
6962,2197.91
7477,2106.16
1706,1723.995
860,585.965
3638,7105.67
6422,1864.11
905,1742.58
4701,749.4000000000001
6524,582.15
5994,821.6
335,1399.0
2896,4744.77
3153,528.99
4720,621.05
1361,1987.9499999999998
1026,473.89
2873,1714.11
1650,2611.58
2539,752.75
3827,1651.49
7036,2050.43
3328,2126.06
7471,1809.9
7402,1074.95
5993,1881.79
6793,1347.89
5997,892.365
2099,1766.995
4559,2109.49
7867,437.96
5520,1220.45
1654,1909.0
4755,622.98
6607,3109.9
2529,973.56
6744,493.79
2296,2274.645
3016,3077.98
5435,360.29999999999995
7621,824.95
3119,2429.0
5163,890.04
5985,1284.0
2170,2185.6
5214,988.99
3185,454.34
5300,441.025
8042,1349.95
4152,717.44
3439,1349.29
2801,3235.425
7388,1599.95
5202,628.99
3598,1720.83
1698,1195.24
4356,639.61
3217,1500.88
2325,3112.425
7136,1759.95
7064,6015.78
584,899.0
1489,4251.535
4908,1734.455
4177,3477.875
5420,1753.475
3425,1409.87
5102,736.705
4692,1393.3000000000002
3766,730.66
563,1053.9450000000002
5349,793.04
5327,712.4849999999999
2906,1389.62
514,974.685
4838,431.65999999999997
1094,1637.58
1683,1161.07
1023,929.37
1960,724.315
1163,1339.38
2895,1009.0
6066,859.0
116,784.2249999999999
747,1799.0
7741,906.83
6187,1559.3
5289,2784.0
3769,362.75
6022,2238.42
838,392.595
119,605.215
4861,994.225
7696,1049.95
7637,455.99
7967,1789.95
639,421.695
4572,795.4649999999999
4471,937.6600000000001
6928,857.56
7211,1914.95
7098,876.16
7142,1824.95
4249,2356.96
7159,834.95
1001,2105.84
886,288.65
4978,398.805
5427,2960.72
5334,879.04
4,1550.6499999999999
3111,840.53
5806,2369.51
3191,575.0
6530,5558.79
7270,1379.9
2717,3211.85
2542,479.5
7280,1079.99
5285,483.99
3954,1249.0
5042,599.9
4886,388.3
1734,1572.725
6571,1690.99
6841,943.33
6580,3357.99
6412,2310.03
1161,919.935
3338,796.06
578,409.0
3868,1053.31
3834,3871.45
4253,1025.81
862,632.5699999999999
2011,1789.77
2831,978.19
6035,408.31
5038,645.0
5323,459.2
1179,404.72
6741,1585.73
6119,2319.99
981,743.5550000000001
2758,790.1500000000001
4602,375.065
6783,707.99
3947,617.4
2408,1688.41
4222,367.51
4889,889.985
4238,868.3050000000001
3007,2349.0
5740,876.16
7103,2175.76
527,2552.2799999999997
2504,1267.94
5126,549.875
1867,4255.305
6103,909.99
540,1490.72
2863,1190.835
5917,860.99
5710,299.0
7341,1210.89
7479,1629.95
4448,2868.005
3249,3600.27
792,1448.095
4164,644.755
1422,1333.22
2588,615.0
154,1551.28
3068,1931.26
1705,2548.495
2958,2780.61
7979,655.95
4830,346.025
3965,1065.03
2790,1109.98
1924,654.585
5554,715.945
573,307.39
6837,1499.0
5970,868.07
1840,878.265
2094,2249.0
127,2002.165
3480,1306.32
3408,10587.61
8032,1634.95
6219,2907.21
3032,2057.795
990,1125.62
2332,677.99
190,803.7
1152,583.17
5198,7319.9
706,610.18
7697,876.9
610,2210.395
4383,1996.94
301,1208.355
6768,4450.66
3508,4335.45
7762,1899.95
1073,2743.495
7824,1814.95
7898,2126.28
2617,2421.6
8048,949.95
1082,5399.0
2575,599.95
2234,259.06
1256,775.5150000000001
7475,1491.52
16,1291.9650000000001
3187,1119.62
8035,1577.76
4751,855.865
4863,282.875
823,1161.12
3127,802.29
7704,7520.41
5714,1235.51
969,1058.775
7154,669.95
6550,2489.26
5002,2475.55
7580,869.95
225,2176.365
6288,1982.9
3437,234.96
6011,2799.86
2535,975.1500000000001
566,1584.605
3524,995.0
6496,2912.6
6300,1406.93
1712,897.3599999999999
7024,619.0
1058,1863.935
3534,1441.9
4674,223.57
964,746.105
8031,1909.95
2792,1507.615
7905,999.95
4844,767.33
7765,1524.95
1231,3111.73
5366,1510.57
5623,3950.84
7670,749.0
1546,1648.995
4094,3643.54
7955,1309.95
1313,2689.175
7884,1401.9
7076,2935.81
5814,629.0
160,1264.3899999999999
4174,786.52
5915,1049.99
966,845.9000000000001
3890,786.5
3310,2069.67
2926,1300.99
3876,1199.99
4540,482.765
5083,299.74
6132,1099.95
3018,1556.58
6097,1409.0
2229,2092.1
98,1704.5349999999999
7835,2788.05
2608,1279.94
3258,703.13
7530,959.95
253,510.79499999999996
4028,425.9
4306,3050.84
1462,3146.995
5651,359.9
1667,361.51
4791,473.045
4832,2557.71
4098,2198.675
1715,557.03
3266,1589.0
6316,730.0
6414,2056.99
4606,1537.27
1167,1435.79
2285,579.0
7091,3160.99
1701,775.345
3242,2098.0
7536,614.95
2085,2530.75
7292,947.9
4197,256.445
7857,882.9
3175,2206.26
4656,198.985
3819,5856.55
6520,2955.4
5535,1455.73
7172,769.95
2078,1667.8049999999998
5086,1326.81
3736,1301.99
7949,1599.95
627,1443.095
6612,1729.99
7755,1039.95
5999,1366.48
262,1749.71
5845,284.0
3453,2130.83
4168,4508.005
5646,469.99
6413,2039.9
6182,529.99
6743,1255.62
1825,1613.325
4845,339.0
8046,279.0
2426,1439.21
6822,1206.71
5874,731.26
1988,678.5
3033,3355.14
490,1126.9450000000002
1870,1647.85
1753,2506.335
2968,3845.4
3295,1250.0
146,2679.96
5745,922.99
2015,1272.085
1382,561.815
6671,782.7
6168,3637.85
7230,889.95
2868,749.9
663,740.75
1814,286.995
7653,229.99
2562,1790.0
3483,2624.42
4389,1346.675
1160,956.7
3349,2793.29
612,230.405
6406,1071.99
7026,879.95
3674,1565.84
1959,1576.95
7258,4636.78
197,2822.205
2988,3248.52
2360,1229.54
4496,871.115
773,553.1
4603,806.6400000000001
4325,815.4300000000001
3332,2999.0
202,1289.0
3602,803.78
5040,423.98
6513,741.98
5647,899.175
1752,1611.995
5906,899.0
2834,270.65999999999997
1726,1087.65
5283,2499.0
5361,457.02
5872,865.25
3564,944.49
6653,1095.05
7815,1484.95
5971,4576.985
863,846.085
5800,1096.9
6486,765.36
4846,1223.06
4204,298.39
2189,739.45
705,7847.66
7976,1799.95
3057,1247.11
3791,2380.13
1655,1076.525
7415,2274.95
7691,879.95
3547,4984.86
3673,1666.0
1304,504.18499999999995
4768,435.79499999999996
6711,1549.0
5730,4041.76
1881,561.185
5344,657.28
3862,2828.01
3385,1790.0
7926,1341.54
5842,329.0
3842,904.88
3533,2599.0
2027,1125.96
667,1392.27
4888,950.8000000000001
5465,1841.8000000000002
7832,1529.95
3847,4219.23
4520,928.75
4853,1299.9
5642,188.995
5689,973.69
716,1231.0
7663,1436.9
1295,863.005
5980,1774.5
5178,1632.5349999999999
2732,5040.76
6905,3373.96
4136,544.615
1319,1481.475
5608,784.6500000000001
5616,1263.38
7528,1639.9
2266,2050.1
3382,2274.0
5706,2106.13
7652,1105.0
2067,1459.575
1548,385.48
1682,955.4300000000001
5562,7193.93
7958,1589.95
7987,1364.95
3720,4933.01
5854,720.99
5258,645.76
5000,346.58
2750,412.78
3120,2414.205
1616,940.995
6828,651.88
2786,620.36
2681,555.0
6031,1203.4
3228,3639.22
3395,1532.32
1741,310.605
5391,621.245
6796,906.37
1072,726.065
4745,3956.515
3318,545.99
1697,2793.85
7023,1799.95
6497,1015.86
7711,1393.99
6756,1974.4
1776,2316.995
6136,2505.42
4298,545.6
5226,710.99
567,1515.455
7544,1199.95
2847,879.0
872,1431.315
1503,3885.54
7167,1634.95
7858,289.99
6094,1199.95
5245,899.99
206,971.905
4595,1059.01
7070,799.0
880,399.0
4600,1356.42
7041,1155.545
504,430.17499999999995
7521,1749.95
1041,699.145
3940,799.0
2747,5764.81
5695,664.0
6885,778.97
5166,1159.755
1589,1620.595
2830,4149.86
6108,991.79
2788,2256.935
6361,1643.99
812,1894.45
5963,862.99
3738,3036.57
2503,943.15
4707,979.985
7350,919.95
3171,1671.63
7205,1449.95
4984,2723.02
6076,3039.1949999999997
200,1419.495
6397,2459.9
3166,2625.06
6303,408.0
7296,1829.9
2309,1704.93
3653,2222.0
6008,299.0
4581,752.7349999999999
6555,1986.99
4621,1342.92
5909,947.14
392,599.0
6864,887.71
5733,1236.99
5370,2876.57
7365,1199.95
1514,532.24
2752,1849.49
2056,3658.18
5360,3431.1
5575,1067.29
2620,1717.66
64,1050.5549999999998
3987,2286.38
2091,878.79
5388,1283.48
7343,2921.38
494,4445.585
380,1461.5
6451,1345.99
4968,813.395
6483,1759.9
4100,574.5
4996,667.465
1089,1238.0
888,999.0
337,849.01
6992,1732.99
6562,1526.34
1028,690.0
1288,427.12
3897,2459.75
7766,919.95
4659,451.84000000000003
3424,5298.71
5020,442.6
6536,1674.99
1005,1646.5349999999999
2010,1313.91
4404,689.665
161,193.70499999999998
5790,1767.9
7002,1075.27
6670,1379.88
4907,131.99
1519,687.1
3943,5041.74
5337,1606.8
2668,2763.21
3551,1922.9
1033,678.0899999999999
3134,3939.855
7692,919.9
4049,260.92499999999995
1604,1254.705
1984,519.0
3222,2100.0
6472,4446.16
34,1401.915
4121,814.165
782,949.0
2607,440.105
7732,1419.9
1497,1504.0
7231,649.95
5598,865.615
6354,895.0
1376,1750.0149999999999
7173,1579.95
2667,430.99
7649,896.41
2881,619.425
2070,1184.81
241,424.04999999999995
2090,1230.125
2403,1811.96
604,1239.955
2481,646.175
5505,1371.64
6429,2869.9
2945,4190.0
6282,888.06
650,2249.45
3993,3419.0
3648,2017.595
3278,538.79
1547,679.0
7107,4075.64
1280,1145.175
7871,495.99
1928,831.455
4767,1240.365
3064,2453.14
2791,3391.69
7233,1269.81
189,1210.8600000000001
1829,1263.275
985,1001.71
2804,2180.26
7780,1199.95
2076,1578.13
7986,1119.95
2610,215.68
1095,2015.6
476,920.715
7865,851.02
2961,1971.145
4952,484.275
6519,869.28
4224,769.3199999999999
3470,1163.45
4663,932.915
1197,687.51
6543,932.97
5161,2409.9
5423,2095.0
2479,990.0
7081,787.495
7718,2216.84
5725,1279.0
2432,3157.215
776,1978.345
7612,2099.95
1704,698.125
130,150.0
7968,676.95
2976,1720.87
3244,1214.29
3532,564.0
6350,560.6700000000001
5692,379.0
4533,1338.49
5446,177.745
468,1065.74
6384,2881.99
5849,981.02
3159,672.6
3871,1962.29
5303,846.635
5338,1356.0900000000001
5502,1333.0
869,727.1800000000001
7740,2199.95
7405,1169.95
